{"speed":0,"notes":[{"$id":"1","type":0,"sounds":[{"w":0,"d":0,"p":125,"v":0}],"pos":2,"size":1,"_time":0.1666667,"shift":0,"time":0.1666667},{"$id":"2","type":0,"sounds":[{"w":0,"d":0,"p":125,"v":0}],"pos":-0.8,"size":1,"_time":0.8333334,"shift":0,"time":0.8333334},{"$id":"3","type":0,"sounds":[{"w":0,"d":0,"p":125,"v":0}],"pos":-2,"size":1,"_time":1,"shift":0,"time":1},{"$id":"4","type":0,"sounds":[{"w":0,"d":0,"p":125,"v":0}],"pos":1.333333,"size":1,"_time":3.166667,"shift":0,"time":3.166667},{"$id":"5","type":0,"sounds":[{"w":0,"d":0,"p":125,"v":0}],"pos":1.7,"size":1,"_time":5.333334,"shift":0,"time":5.333334},{"$id":"6","type":0,"sounds":[{"w":0,"d":0,"p":125,"v":0}],"pos":-1.333333,"size":1,"_time":6.166667,"shift":0,"time":6.166667},{"$id":"7","type":0,"sounds":[{"w":0,"d":0,"p":125,"v":0}],"pos":1.333333,"size":1,"_time":6.166667,"shift":0,"time":6.166667},{"$id":"8","type":0,"sounds":[{"w":0,"d":0,"p":125,"v":0}],"pos":-1.333333,"size":1,"_time":9.166666,"shift":0,"time":9.166666},{"$id":"9","type":0,"sounds":[{"w":0,"d":0,"p":125,"v":0}],"pos":0.888889,"size":1,"_time":9.166666,"shift":0,"time":9.166666},{"$id":"10","type":0,"sounds":[{"w":0,"d":0,"p":125,"v":0}],"pos":0.888889,"size":0.5,"_time":10.66667,"shift":0,"time":10.66667},{"$id":"11","type":0,"sounds":[{"w":0,"d":0,"p":125,"v":0}],"pos":2,"size":0.5,"_time":11.66667,"shift":0,"time":11.66667},{"$id":"12","type":0,"sounds":[{"w":0,"d":0,"p":125,"v":0}],"pos":-1.333333,"size":1,"_time":12.16667,"shift":0,"time":12.16667},{"$id":"13","type":0,"sounds":[{"w":0,"d":0,"p":125,"v":0}],"pos":1.333333,"size":1,"_time":12.16667,"shift":0,"time":12.16667},{"$id":"14","type":0,"sounds":[{"w":0,"d":0,"p":125,"v":0}],"pos":0.4444444,"size":1,"_time":12.5,"shift":0,"time":12.5},{"$id":"15","type":0,"sounds":[{"w":0,"d":0,"p":125,"v":0}],"pos":2,"size":1,"_time":12.83333,"shift":0,"time":12.83333},{"$id":"16","type":0,"pos":0.4444444,"size":1,"_time":13.33333,"shift":0,"time":13.33333},{"$id":"17","type":0,"pos":1.333333,"size":1,"_time":13.5,"shift":0,"time":13.5},{"$id":"18","type":0,"pos":-2,"size":1,"_time":13.83333,"shift":0,"time":13.83333},{"$id":"19","type":0,"pos":-0.8888889,"size":1,"_time":14.33333,"shift":0,"time":14.33333},{"$id":"20","type":0,"pos":0.8888889,"size":1,"_time":14.33333,"shift":0,"time":14.33333},{"$id":"21","type":0,"pos":0.8888889,"size":1,"_time":15.16667,"shift":0,"time":15.16667},{"$id":"22","type":0,"pos":-0.4444445,"size":1,"_time":15.16667,"shift":0,"time":15.16667},{"$id":"23","type":0,"pos":0.8888889,"size":1,"_time":15.66667,"shift":0,"time":15.66667},{"$id":"24","type":0,"pos":1.777778,"size":1,"_time":15.83333,"shift":0,"time":15.83333},{"$id":"25","type":0,"pos":0.8888889,"size":1,"_time":16.16667,"shift":0,"time":16.16667},{"$id":"26","type":0,"pos":-0.8888889,"size":1,"_time":16.16667,"shift":0,"time":16.16667},{"$id":"27","type":0,"pos":2,"size":1,"_time":16.66667,"shift":0,"time":16.66667},{"$id":"28","type":0,"pos":0.8888889,"size":1,"_time":16.88889,"shift":0,"time":16.88889},{"$id":"29","type":0,"pos":-0.4444444,"size":1,"_time":17.11111,"shift":0,"time":17.11111},{"$id":"30","type":0,"pos":-2,"size":1,"_time":17.33333,"shift":0,"time":17.33333},{"$id":"31","type":0,"pos":1.333333,"size":1,"_time":17.66667,"shift":0,"time":17.66667},{"$id":"32","type":0,"pos":-2,"size":1,"_time":18.22222,"shift":0,"time":18.22222},{"$id":"33","type":0,"pos":-0.8888889,"size":1,"_time":18.41667,"shift":0,"time":18.41667},{"$id":"34","type":0,"pos":0.4444444,"size":1,"_time":18.66666,"shift":0,"time":18.66666},{"$id":"35","type":0,"pos":2,"size":1,"_time":18.91667,"shift":0,"time":18.91667},{"$id":"36","type":0,"pos":1.777778,"size":1,"_time":19.66666,"shift":0,"time":19.66666},{"$id":"37","type":0,"pos":0.4444444,"size":1,"_time":20.16667,"shift":0,"time":20.16667},{"$id":"38","type":0,"pos":-0.5316402,"size":1,"_time":20.42042,"shift":0,"time":20.42042},{"$id":"39","type":0,"pos":-2,"size":1,"_time":20.66999,"shift":0,"time":20.66999},{"$id":"40","type":0,"pos":1.793559,"size":1,"_time":20.85527,"shift":0,"time":20.85527},{"$id":"41","type":0,"pos":-1.333333,"size":1,"_time":21.16667,"shift":0,"time":21.16667},{"$id":"42","type":0,"pos":1.333333,"size":1,"_time":21.16667,"shift":0,"time":21.16667},{"$id":"43","type":0,"pos":0.8888889,"size":0.8,"_time":21.66667,"shift":0,"time":21.66667},{"$id":"44","type":0,"pos":2,"size":0.8,"_time":22,"shift":0,"time":22},{"$id":"45","type":0,"pos":-0.8888889,"size":1,"_time":22.66666,"shift":0,"time":22.66666},{"$id":"46","type":0,"pos":1.333333,"size":1,"_time":22.66666,"shift":0,"time":22.66666},{"$id":"47","type":0,"pos":-1.333333,"size":1,"_time":23.5,"shift":0,"time":23.5},{"$id":"48","type":0,"pos":-0.4444444,"size":1,"_time":24.16667,"shift":0,"time":24.16667},{"$id":"49","type":0,"pos":2,"size":1,"_time":24.16667,"shift":0,"time":24.16667},{"$id":"50","type":0,"pos":-0.8888889,"size":1,"_time":24.83333,"shift":0,"time":24.83333},{"$id":"51","type":0,"pos":1.333333,"size":1,"_time":24.83333,"shift":0,"time":24.83333},{"$id":"52","type":0,"pos":-2,"size":1,"_time":25.5,"shift":0,"time":25.5},{"$id":"53","type":0,"pos":0.8888889,"size":1,"_time":25.5,"shift":0,"time":25.5},{"$id":"54","type":0,"pos":-0.4444444,"size":1,"_time":26.5,"shift":0,"time":26.5},{"$id":"55","type":0,"pos":1.333333,"size":1,"_time":26.5,"shift":0,"time":26.5},{"$id":"56","type":0,"pos":-0.4444444,"size":1,"_time":27.16667,"shift":0,"time":27.16667},{"$id":"57","type":0,"pos":1.333333,"size":1,"_time":27.16667,"shift":0,"time":27.16667},{"$id":"58","type":0,"pos":0.4444444,"size":1,"_time":28,"shift":0,"time":28},{"$id":"59","type":0,"pos":1.777778,"size":1,"_time":28,"shift":0,"time":28},{"$id":"60","type":0,"pos":2,"size":1,"_time":28.66666,"shift":0,"time":28.66666},{"$id":"61","type":0,"pos":0.8888889,"size":1,"_time":28.66667,"shift":0,"time":28.66667},{"$id":"62","type":0,"pos":-0.4444444,"size":1,"_time":29.16667,"shift":0,"time":29.16667},{"$id":"63","type":0,"pos":-1.777778,"size":1,"_time":29.33333,"shift":0,"time":29.33333},{"$id":"64","type":0,"pos":-0.4444444,"size":1,"_time":30.16667,"shift":0,"time":30.16667},{"$id":"65","type":0,"pos":0.8888889,"size":1,"_time":30.16667,"shift":0,"time":30.16667},{"$id":"66","type":0,"pos":0,"size":1,"_time":30.83333,"shift":0,"time":30.83333},{"$id":"67","type":0,"pos":0.7449281,"size":1,"_time":30.88481,"shift":0,"time":30.88481},{"$id":"68","type":0,"pos":-0.8888889,"size":1,"_time":31.66667,"shift":0,"time":31.66667},{"$id":"69","type":0,"pos":1.333333,"size":1,"_time":31.66667,"shift":0,"time":31.66667},{"$id":"70","type":0,"pos":-0.8888889,"size":1,"_time":32.16666,"shift":0,"time":32.16666},{"$id":"71","type":0,"pos":-1.777778,"size":1,"_time":32.5,"shift":0,"time":32.5},{"$id":"72","type":0,"pos":-0.8888889,"size":1,"_time":33.16666,"shift":0,"time":33.16666},{"$id":"73","type":0,"pos":0.8888889,"size":1,"_time":33.16666,"shift":0,"time":33.16666},{"$id":"74","type":0,"pos":1.777778,"size":1,"_time":33.66667,"shift":0,"time":33.66667},{"$id":"75","type":0,"pos":-0.8888889,"size":1,"_time":33.83334,"shift":0,"time":33.83334},{"$id":"76","type":0,"pos":0.8888889,"size":1,"_time":33.83334,"shift":0,"time":33.83334},{"$id":"77","type":0,"pos":0.8888889,"size":1,"_time":34.5,"shift":0,"time":34.5},{"$id":"78","type":0,"pos":1.777778,"size":1,"_time":34.66667,"shift":0,"time":34.66667},{"$id":"79","type":0,"pos":-0.8888889,"size":1,"_time":35.16666,"shift":0,"time":35.16666},{"$id":"80","type":0,"pos":-1.333333,"size":1,"_time":35.33333,"shift":0,"time":35.33333},{"$id":"81","type":0,"pos":-0.4444444,"size":1,"_time":36.16666,"shift":0,"time":36.16666},{"$id":"82","type":0,"pos":1.333333,"size":1,"_time":36.16666,"shift":0,"time":36.16666},{"$id":"83","type":0,"pos":0,"size":1,"_time":36.66667,"shift":0,"time":36.66667},{"$id":"84","type":0,"pos":1.333333,"size":1,"_time":37,"shift":0,"time":37},{"$id":"85","type":0,"pos":-0.8888889,"size":1,"_time":37.5,"shift":0,"time":37.5},{"$id":"86","type":0,"pos":-1.333333,"size":1,"_time":37.66667,"shift":0,"time":37.66667},{"$id":"87","type":0,"pos":0,"size":1,"_time":38.33333,"shift":0,"time":38.33333},{"$id":"88","type":0,"pos":-0.8888889,"size":1,"_time":38.5,"shift":0,"time":38.5},{"$id":"89","type":0,"pos":-0.4444444,"size":1,"_time":39.16666,"shift":0,"time":39.16666},{"$id":"90","type":0,"pos":0.8888889,"size":1,"_time":39.16666,"shift":0,"time":39.16666},{"$id":"91","type":0,"pos":0.8888889,"size":1,"_time":39.66667,"shift":0,"time":39.66667},{"$id":"92","type":0,"pos":1.328362,"size":1,"_time":39.90501,"shift":0,"time":39.90501},{"$id":"93","type":0,"pos":-0.8888889,"size":1,"_time":40.66667,"shift":0,"time":40.66667},{"$id":"94","type":0,"pos":-0.8888889,"size":1,"_time":41.16666,"shift":0,"time":41.16666},{"$id":"95","type":0,"pos":-1.333333,"size":1,"_time":41.33333,"shift":0,"time":41.33333},{"$id":"96","type":0,"pos":-0.4444444,"size":1,"_time":42.16666,"shift":0,"time":42.16666},{"$id":"97","type":0,"pos":0.8888889,"size":1,"_time":42.16666,"shift":0,"time":42.16666},{"$id":"98","type":0,"pos":0.4444444,"size":1,"_time":42.66667,"shift":0,"time":42.66667},{"$id":"99","type":0,"pos":1.333333,"size":1,"_time":42.83334,"shift":0,"time":42.83334},{"$id":"100","type":0,"pos":-1.777778,"size":1,"_time":43.33333,"shift":0,"time":43.33333},{"$id":"101","type":0,"pos":1.333333,"size":1,"_time":43.66667,"shift":0,"time":43.66667},{"$id":"102","type":0,"pos":0,"size":1,"_time":44.16666,"shift":0,"time":44.16666},{"$id":"103","type":0,"pos":-0.8888889,"size":1,"_time":44.5,"shift":0,"time":44.5},{"$id":"104","type":0,"pos":-1.777778,"size":1,"_time":45.16666,"shift":0,"time":45.16666},{"$id":"105","type":0,"pos":0.4444444,"size":1,"_time":45.16666,"shift":0,"time":45.16666},{"$id":"106","type":0,"pos":-1.333333,"size":1,"_time":48.16666,"shift":0,"time":48.16666},{"$id":"107","type":0,"pos":0.8888889,"size":1,"_time":48.16666,"shift":0,"time":48.16666},{"$id":"108","type":0,"pos":0.4444444,"size":1,"_time":48.66667,"shift":0,"time":48.66667},{"$id":"109","type":0,"pos":1.333333,"size":1,"_time":49,"shift":0,"time":49},{"$id":"110","type":0,"pos":-0.8888889,"size":1,"_time":49.16666,"shift":0,"time":49.16666},{"$id":"111","type":0,"pos":0.6533543,"size":1,"_time":49.34448,"shift":0,"time":49.34448},{"$id":"112","type":0,"pos":-0.8888889,"size":1,"_time":49.66667,"shift":0,"time":49.66667},{"$id":"113","type":0,"pos":0.8888889,"size":1,"_time":49.66667,"shift":0,"time":49.66667},{"$id":"114","type":0,"pos":0.5335594,"size":1,"_time":50.17478,"shift":0,"time":50.17478},{"$id":"115","type":0,"pos":1.422448,"size":1,"_time":50.50811,"shift":0,"time":50.50811},{"$id":"116","type":0,"pos":-0.7997739,"size":1,"_time":50.67477,"shift":0,"time":50.67477},{"$id":"117","type":0,"pos":0.7424693,"size":1,"_time":50.85259,"shift":0,"time":50.85259},{"$id":"118","type":0,"pos":-0.7997739,"size":1,"_time":51.17478,"shift":0,"time":51.17478},{"$id":"119","type":0,"pos":0.9780039,"size":1,"_time":51.17478,"shift":0,"time":51.17478},{"$id":"120","type":0,"pos":-1.333333,"size":1,"_time":52.66667,"shift":0,"time":52.66667},{"$id":"121","type":0,"pos":0.8888889,"size":1,"_time":52.66667,"shift":0,"time":52.66667},{"$id":"122","type":0,"pos":-1.333333,"size":1,"_time":54.16666,"shift":0,"time":54.16666},{"$id":"123","type":0,"pos":0.8888889,"size":1,"_time":54.16666,"shift":0,"time":54.16666},{"$id":"124","type":0,"pos":-1.333333,"size":1,"_time":55.66667,"shift":0,"time":55.66667},{"$id":"125","type":0,"pos":0.4444444,"size":1,"_time":55.66667,"shift":0,"time":55.66667},{"$id":"126","type":0,"pos":-1.333333,"size":1,"_time":57,"shift":0,"time":57},{"$id":"127","type":0,"pos":0.8888889,"size":1,"_time":57,"shift":0,"time":57},{"$id":"128","type":0,"pos":0,"size":1,"_time":58.66667,"shift":0,"time":58.66667},{"$id":"129","type":0,"pos":1.777778,"size":1,"_time":58.66667,"shift":0,"time":58.66667},{"$id":"130","type":0,"pos":-0.8888889,"size":1,"_time":60.16666,"shift":0,"time":60.16666},{"$id":"131","type":0,"pos":1.333333,"size":1,"_time":60.16666,"shift":0,"time":60.16666},{"$id":"132","type":0,"pos":-0.8888889,"size":1,"_time":61.66667,"shift":0,"time":61.66667},{"$id":"133","type":0,"pos":1.333333,"size":1,"_time":61.66667,"shift":0,"time":61.66667},{"$id":"134","type":0,"pos":-0.8888889,"size":1,"_time":63.16666,"shift":0,"time":63.16666},{"$id":"135","type":0,"pos":1.333333,"size":1,"_time":63.16666,"shift":0,"time":63.16666},{"$id":"136","type":0,"pos":-0.8888889,"size":1,"_time":63.83334,"shift":0,"time":63.83334},{"$id":"137","type":0,"pos":0.04201985,"size":1,"_time":64.07502,"shift":0,"time":64.07502},{"$id":"138","type":0,"pos":1.333333,"size":1,"_time":64.33334,"shift":0,"time":64.33334},{"$id":"139","type":0,"pos":1.777778,"size":1,"_time":64.66666,"shift":0,"time":64.66666},{"$id":"140","type":0,"pos":0.4444444,"size":1,"_time":64.83333,"shift":0,"time":64.83333},{"$id":"141","type":0,"pos":-1.333333,"size":1,"_time":65,"shift":0,"time":65},{"$id":"142","type":0,"pos":-0.8888889,"size":1,"_time":65.33334,"shift":0,"time":65.33334},{"$id":"143","type":0,"pos":0.4444444,"size":1,"_time":65.33334,"shift":0,"time":65.33334},{"$id":"144","type":0,"pos":-0.8888889,"size":1,"_time":66.16667,"shift":0,"time":66.16667},{"$id":"145","type":0,"pos":0.4444444,"size":1,"_time":66.16667,"shift":0,"time":66.16667},{"$id":"146","type":0,"pos":-0.4444444,"size":1,"_time":67.5,"shift":0,"time":67.5},{"$id":"147","type":0,"pos":-0.01257944,"size":1,"_time":67.55369,"shift":0,"time":67.55369},{"$id":"148","type":0,"pos":0.4490729,"size":1,"_time":67.60764,"shift":0,"time":67.60764},{"$id":"149","type":0,"pos":0.8888889,"size":1,"_time":67.66666,"shift":0,"time":67.66666},{"$id":"150","type":0,"pos":0.08214763,"size":1,"_time":69.16789,"shift":0,"time":69.16789},{"$id":"151","type":0,"pos":0.5140126,"size":1,"_time":69.22158,"shift":0,"time":69.22158},{"$id":"152","type":0,"pos":0.975665,"size":1,"_time":69.27553,"shift":0,"time":69.27553},{"$id":"153","type":0,"pos":1.415481,"size":1,"_time":69.33455,"shift":0,"time":69.33455},{"$id":"154","type":0,"pos":1.369874,"size":1,"_time":70.33524,"shift":0,"time":70.33524},{"$id":"155","type":0,"pos":-1.128744,"size":1,"_time":70.67644,"shift":0,"time":70.67644},{"$id":"156","type":0,"pos":0.7719251,"size":1,"_time":70.68119,"shift":0,"time":70.68119},{"$id":"157","type":0,"pos":-0.8888889,"size":1,"_time":72.16667,"shift":0,"time":72.16667},{"$id":"158","type":0,"pos":0.8888889,"size":1,"_time":72.16667,"shift":0,"time":72.16667},{"$id":"159","type":0,"pos":-0.9370911,"size":1,"_time":72.92176,"shift":0,"time":72.92176},{"$id":"160","type":0,"pos":0.9323593,"size":1,"_time":72.92176,"shift":0,"time":72.92176},{"$id":"161","type":0,"pos":-0.8888889,"size":1,"_time":73.66666,"shift":0,"time":73.66666},{"$id":"162","type":0,"pos":0.8888889,"size":1,"_time":73.66666,"shift":0,"time":73.66666},{"$id":"163","type":0,"pos":-0.9045848,"size":1,"_time":74.40774,"shift":0,"time":74.40774},{"$id":"164","type":0,"pos":0.8506408,"size":1,"_time":74.40774,"shift":0,"time":74.40774},{"$id":"165","type":0,"pos":-0.8888889,"size":1,"_time":75.16667,"shift":0,"time":75.16667},{"$id":"166","type":0,"pos":0.8888889,"size":1,"_time":75.16667,"shift":0,"time":75.16667}],"links":[{"notes":[{"$ref":"27"},{"$ref":"28"},{"$ref":"29"},{"$ref":"30"}]},{"notes":[{"$ref":"66"},{"$ref":"67"}]},{"notes":[{"$ref":"87"},{"$ref":"88"}]},{"notes":[{"$ref":"146"},{"$ref":"147"},{"$ref":"148"},{"$ref":"149"}]},{"notes":[{"$ref":"150"},{"$ref":"151"},{"$ref":"152"},{"$ref":"153"}]}]}