{"speed":0,"notes":[{"$id":"1","type":0,"sounds":[{"w":0,"d":0,"p":84,"v":0}],"pos":-1.4,"size":1.2,"_time":5.278901,"shift":0,"time":5.278901},{"$id":"2","type":0,"sounds":[{"w":0,"d":0,"p":84,"v":0}],"pos":-0.4,"size":1.2,"_time":5.934639,"shift":0,"time":5.934639},{"$id":"3","type":0,"sounds":[{"w":0,"d":0,"p":84,"v":0}],"pos":-1.4,"size":1.2,"_time":6.590376,"shift":0,"time":6.590376},{"$id":"4","type":0,"sounds":[{"w":0,"d":0,"p":84,"v":0}],"pos":1.490116E-09,"size":1.2,"_time":7.246115,"shift":0,"time":7.246115},{"$id":"5","type":0,"sounds":[{"w":0,"d":0,"p":84,"v":0}],"pos":2,"size":1.2,"_time":7.901852,"shift":0,"time":7.901852},{"$id":"6","type":0,"sounds":[{"w":0,"d":0,"p":84,"v":0}],"pos":0.8,"size":1.2,"_time":8.55759,"shift":0,"time":8.55759},{"$id":"7","type":0,"sounds":[{"w":0,"d":0,"p":84,"v":0}],"pos":1.490116E-09,"size":1.2,"_time":9.213327,"shift":0,"time":9.213327},{"$id":"8","type":0,"sounds":[{"w":0,"d":0,"p":84,"v":0}],"pos":-1,"size":1.2,"_time":9.869065,"shift":0,"time":9.869065},{"$id":"9","type":0,"sounds":[{"w":0,"d":0,"p":84,"v":0}],"pos":0.2,"size":1.2,"_time":10.5248,"shift":0,"time":10.5248},{"$id":"10","type":0,"sounds":[{"w":0,"d":0,"p":84,"v":0}],"pos":-1.6,"size":0.8,"_time":10.85267,"shift":0,"time":10.85267},{"$id":"11","type":0,"sounds":[{"w":0,"d":0,"p":84,"v":0}],"pos":1,"size":1.2,"_time":11.18054,"shift":0,"time":11.18054},{"$id":"12","type":0,"sounds":[{"w":0,"d":0,"p":84,"v":0}],"pos":-1.4,"size":0.8,"_time":11.50841,"shift":0,"time":11.50841},{"$id":"13","type":0,"sounds":[{"w":0,"d":0,"p":84,"v":0}],"pos":0.2,"size":1.2,"_time":11.83628,"shift":0,"time":11.83628},{"$id":"14","type":0,"sounds":[{"w":0,"d":0,"p":84,"v":0}],"pos":-0.6,"size":0.8,"_time":12.16415,"shift":0,"time":12.16415},{"$id":"15","type":0,"sounds":[{"w":0,"d":0,"p":84,"v":0}],"pos":1.4,"size":1.2,"_time":12.49202,"shift":0,"time":12.49202},{"$id":"16","type":0,"sounds":[{"w":0,"d":0,"p":84,"v":0}],"pos":-1,"size":0.8,"_time":12.81989,"shift":0,"time":12.81989},{"$id":"17","type":0,"sounds":[{"w":0,"d":0,"p":84,"v":0}],"pos":0.4,"size":1.2,"_time":13.14775,"shift":0,"time":13.14775},{"$id":"18","type":0,"sounds":[{"w":0,"d":0,"p":84,"v":0}],"pos":-1,"size":0.8,"_time":13.47562,"shift":0,"time":13.47562},{"$id":"19","type":0,"sounds":[{"w":0,"d":0,"p":84,"v":0}],"pos":-0.2,"size":1.2,"_time":13.80349,"shift":0,"time":13.80349},{"$id":"20","type":0,"sounds":[{"w":0,"d":0,"p":84,"v":0}],"pos":-1.6,"size":0.8,"_time":14.13136,"shift":0,"time":14.13136},{"$id":"21","type":0,"sounds":[{"w":0,"d":0,"p":84,"v":0}],"pos":-1,"size":1.2,"_time":14.45923,"shift":0,"time":14.45923},{"$id":"22","type":0,"sounds":[{"w":0,"d":0,"p":84,"v":0}],"pos":1.2,"size":0.8,"_time":14.7871,"shift":0,"time":14.7871},{"$id":"23","type":0,"sounds":[{"w":0,"d":0,"p":84,"v":0}],"pos":-0.8,"size":1.2,"_time":15.11497,"shift":0,"time":15.11497},{"$id":"24","type":0,"sounds":[{"w":0,"d":0,"p":84,"v":0}],"pos":1.8,"size":0.8,"_time":15.44284,"shift":0,"time":15.44284},{"$id":"25","type":0,"sounds":[{"w":0,"d":0,"p":84,"v":0}],"pos":-1.6,"size":1.2,"_time":15.77071,"shift":0,"time":15.77071},{"$id":"26","type":0,"sounds":[{"w":0,"d":0,"p":84,"v":0}],"pos":1,"size":0.8,"_time":16.09857,"shift":0,"time":16.09857},{"$id":"27","type":0,"pos":0.6,"size":1,"_time":16.42644,"shift":0,"time":16.42644},{"$id":"28","type":0,"sounds":[{"w":0,"d":0,"p":84,"v":0}],"pos":-0.8,"size":1.2,"_time":16.42645,"shift":0,"time":16.42645},{"$id":"29","type":0,"sounds":[{"w":0,"d":0,"p":84,"v":0}],"pos":1.6,"size":0.8,"_time":16.75431,"shift":0,"time":16.75431},{"$id":"30","type":0,"sounds":[{"w":0,"d":0,"p":84,"v":0}],"pos":-1.2,"size":1.2,"_time":17.08218,"shift":0,"time":17.08218},{"$id":"31","type":0,"sounds":[{"w":0,"d":0,"p":84,"v":0}],"pos":0.4,"size":0.8,"_time":17.41005,"shift":0,"time":17.41005},{"$id":"32","type":0,"sounds":[{"w":0,"d":0,"p":84,"v":0}],"pos":-0.6,"size":1.2,"_time":17.73792,"shift":0,"time":17.73792},{"$id":"33","type":0,"pos":1.4,"size":1,"_time":17.73792,"shift":0,"time":17.73792},{"$id":"34","type":0,"sounds":[{"w":0,"d":0,"p":84,"v":0}],"pos":0.8,"size":0.8,"_time":18.06579,"shift":0,"time":18.06579},{"$id":"35","type":0,"sounds":[{"w":0,"d":0,"p":84,"v":0}],"pos":1.6,"size":1.2,"_time":18.39365,"shift":0,"time":18.39365},{"$id":"36","type":0,"sounds":[{"w":0,"d":0,"p":84,"v":0}],"pos":-0.4,"size":0.8,"_time":18.72152,"shift":0,"time":18.72152},{"$id":"37","type":0,"pos":-1.4,"size":1,"_time":19.04939,"shift":0,"time":19.04939},{"$id":"38","type":0,"sounds":[{"w":0,"d":0,"p":84,"v":0}],"pos":1,"size":1.2,"_time":19.04939,"shift":0,"time":19.04939},{"$id":"39","type":0,"sounds":[{"w":0,"d":0,"p":84,"v":0}],"pos":-0.8,"size":0.8,"_time":19.37726,"shift":0,"time":19.37726},{"$id":"40","type":0,"sounds":[{"w":0,"d":0,"p":84,"v":0}],"pos":0.8,"size":1.2,"_time":19.70514,"shift":0,"time":19.70514},{"$id":"41","type":0,"sounds":[{"w":0,"d":0,"p":84,"v":0}],"pos":-1,"size":0.8,"_time":20.033,"shift":0,"time":20.033},{"$id":"42","type":0,"pos":-1,"size":1,"_time":20.36087,"shift":0,"time":20.36087},{"$id":"43","type":0,"sounds":[{"w":0,"d":0,"p":84,"v":0}],"pos":0.4,"size":1.2,"_time":20.36087,"shift":0,"time":20.36087},{"$id":"44","type":0,"pos":1.8,"size":1,"_time":20.68874,"shift":0,"time":20.68874},{"$id":"45","type":0,"pos":-1.6,"size":1,"_time":20.77071,"shift":0,"time":20.77071},{"$id":"46","type":0,"pos":1.8,"size":1,"_time":20.85267,"shift":0,"time":20.85267},{"$id":"47","type":0,"pos":-1.6,"size":1,"_time":20.93464,"shift":0,"time":20.93464},{"$id":"48","type":0,"pos":1.8,"size":1,"_time":21.01661,"shift":0,"time":21.01661},{"$id":"49","type":0,"sounds":[{"w":0,"d":0,"p":84,"v":0}],"pos":-1,"size":1,"_time":21.34447,"shift":0,"time":21.34447},{"$id":"50","type":0,"sounds":[{"w":0,"d":0,"p":84,"v":0}],"pos":-0.6,"size":1.2,"_time":21.67234,"shift":0,"time":21.67234},{"$id":"51","type":0,"pos":1,"size":1,"_time":21.67234,"shift":0,"time":21.67234},{"$id":"52","type":0,"sounds":[{"w":0,"d":0,"p":84,"v":0}],"pos":-0.2,"size":1,"_time":22.00021,"shift":0,"time":22.00021},{"$id":"53","type":0,"pos":2,"size":1,"_time":22.32808,"shift":0,"time":22.32808},{"$id":"54","type":0,"sounds":[{"w":0,"d":0,"p":84,"v":0}],"pos":-1.8,"size":1.2,"_time":22.32808,"shift":0,"time":22.32808},{"$id":"55","type":0,"sounds":[{"w":0,"d":0,"p":84,"v":0}],"pos":-1,"size":1,"_time":22.65595,"shift":0,"time":22.65595},{"$id":"56","type":0,"pos":1,"size":1,"_time":22.98382,"shift":0,"time":22.98382},{"$id":"57","type":0,"sounds":[{"w":0,"d":0,"p":84,"v":0}],"pos":-0.8,"size":1.2,"_time":22.98382,"shift":0,"time":22.98382},{"$id":"58","type":0,"pos":1,"size":1,"_time":23.31169,"shift":0,"time":23.31169},{"$id":"59","type":0,"sounds":[{"w":0,"d":0,"p":84,"v":0}],"pos":-1.4,"size":1,"_time":23.31169,"shift":0,"time":23.31169},{"$id":"60","type":0,"pos":1,"size":1,"_time":23.47562,"shift":0,"time":23.47562},{"$id":"61","type":0,"sounds":[{"w":0,"d":0,"p":84,"v":0}],"pos":0.2,"size":1.2,"_time":23.63956,"shift":0,"time":23.63956},{"$id":"62","type":0,"pos":2,"size":1,"_time":23.63956,"shift":0,"time":23.63956},{"$id":"63","type":0,"sounds":[{"w":0,"d":0,"p":84,"v":0}],"pos":-1.2,"size":1,"_time":23.96743,"shift":0,"time":23.96743},{"$id":"64","type":0,"sounds":[{"w":0,"d":0,"p":84,"v":0}],"pos":-0.6,"size":1.2,"_time":24.2953,"shift":0,"time":24.2953},{"$id":"65","type":0,"pos":1,"size":1,"_time":24.2953,"shift":0,"time":24.2953},{"$id":"66","type":0,"sounds":[{"w":0,"d":0,"p":84,"v":0}],"pos":-1.2,"size":1,"_time":24.62316,"shift":0,"time":24.62316},{"$id":"67","type":0,"sounds":[{"w":0,"d":0,"p":84,"v":0}],"pos":-1.2,"size":1.2,"_time":24.95103,"shift":0,"time":24.95103},{"$id":"68","type":0,"pos":2,"size":1,"_time":24.95103,"shift":0,"time":24.95103},{"$id":"69","type":0,"sounds":[{"w":0,"d":0,"p":84,"v":0}],"pos":-0.4,"size":1,"_time":25.2789,"shift":0,"time":25.2789},{"$id":"70","type":0,"sounds":[{"w":0,"d":0,"p":84,"v":0}],"pos":-1.8,"size":1.2,"_time":25.60677,"shift":0,"time":25.60677},{"$id":"71","type":0,"pos":1,"size":1,"_time":25.60677,"shift":0,"time":25.60677},{"$id":"72","type":0,"sounds":[{"w":0,"d":0,"p":84,"v":0}],"pos":-1,"size":1,"_time":25.93464,"shift":0,"time":25.93464},{"$id":"73","type":0,"pos":1,"size":1,"_time":25.93464,"shift":0,"time":25.93464},{"$id":"74","type":0,"pos":1,"size":1,"_time":26.09858,"shift":0,"time":26.09858},{"$id":"75","type":0,"pos":-2,"size":1,"_time":26.26251,"shift":0,"time":26.26251},{"$id":"76","type":0,"sounds":[{"w":0,"d":0,"p":84,"v":0}],"pos":0.4,"size":1.2,"_time":26.26251,"shift":0,"time":26.26251},{"$id":"77","type":0,"sounds":[{"w":0,"d":0,"p":84,"v":0}],"pos":1,"size":1,"_time":26.59038,"shift":0,"time":26.59038},{"$id":"78","type":0,"pos":-1,"size":1,"_time":26.91825,"shift":0,"time":26.91825},{"$id":"79","type":0,"sounds":[{"w":0,"d":0,"p":84,"v":0}],"pos":1.6,"size":1.2,"_time":26.91825,"shift":0,"time":26.91825},{"$id":"80","type":0,"sounds":[{"w":0,"d":0,"p":84,"v":0}],"pos":1.2,"size":1,"_time":27.24611,"shift":0,"time":27.24611},{"$id":"81","type":0,"sounds":[{"w":0,"d":0,"p":84,"v":0}],"pos":0.2,"size":1.2,"_time":27.57398,"shift":0,"time":27.57398},{"$id":"82","type":0,"pos":-2,"size":1,"_time":27.57399,"shift":0,"time":27.57399},{"$id":"83","type":0,"sounds":[{"w":0,"d":0,"p":84,"v":0}],"pos":-0.2,"size":1,"_time":27.90186,"shift":0,"time":27.90186},{"$id":"84","type":0,"pos":-1,"size":1,"_time":28.22972,"shift":0,"time":28.22972},{"$id":"85","type":0,"sounds":[{"w":0,"d":0,"p":84,"v":0}],"pos":2,"size":1.2,"_time":28.22972,"shift":0,"time":28.22972},{"$id":"86","type":0,"pos":-1,"size":1,"_time":28.55759,"shift":0,"time":28.55759},{"$id":"87","type":0,"sounds":[{"w":0,"d":0,"p":84,"v":0}],"pos":1.2,"size":1,"_time":28.55759,"shift":0,"time":28.55759},{"$id":"88","type":0,"pos":-1,"size":1,"_time":28.72153,"shift":0,"time":28.72153},{"$id":"89","type":0,"pos":-2,"size":1,"_time":28.88546,"shift":0,"time":28.88546},{"$id":"90","type":0,"sounds":[{"w":0,"d":0,"p":84,"v":0}],"pos":1.490116E-09,"size":1.2,"_time":28.88546,"shift":0,"time":28.88546},{"$id":"91","type":0,"sounds":[{"w":0,"d":0,"p":84,"v":0}],"pos":1.6,"size":1,"_time":29.21333,"shift":0,"time":29.21333},{"$id":"92","type":0,"pos":-1,"size":1,"_time":29.54119,"shift":0,"time":29.54119},{"$id":"93","type":0,"sounds":[{"w":0,"d":0,"p":84,"v":0}],"pos":0.6,"size":1.2,"_time":29.54119,"shift":0,"time":29.54119},{"$id":"94","type":0,"sounds":[{"w":0,"d":0,"p":84,"v":0}],"pos":1.490116E-09,"size":1,"_time":29.86906,"shift":0,"time":29.86906},{"$id":"95","type":0,"pos":-2,"size":1,"_time":30.19693,"shift":0,"time":30.19693},{"$id":"96","type":0,"sounds":[{"w":0,"d":0,"p":84,"v":0}],"pos":1.2,"size":1.2,"_time":30.19694,"shift":0,"time":30.19694},{"$id":"97","type":0,"sounds":[{"w":0,"d":0,"p":84,"v":0}],"pos":0.6,"size":1,"_time":30.5248,"shift":0,"time":30.5248},{"$id":"98","type":0,"sounds":[{"w":0,"d":0,"p":84,"v":0}],"pos":2,"size":1.2,"_time":30.85267,"shift":0,"time":30.85267},{"$id":"99","type":0,"pos":-1,"size":1,"_time":30.85267,"shift":0,"time":30.85267},{"$id":"100","type":0,"pos":-1,"size":1,"_time":31.18054,"shift":0,"time":31.18054},{"$id":"101","type":0,"sounds":[{"w":0,"d":0,"p":84,"v":0}],"pos":0.2,"size":1,"_time":31.18054,"shift":0,"time":31.18054},{"$id":"102","type":0,"pos":-1,"size":1,"_time":31.34447,"shift":0,"time":31.34447},{"$id":"103","type":0,"sounds":[{"w":0,"d":0,"p":84,"v":0}],"pos":-2,"size":1.2,"_time":31.50841,"shift":0,"time":31.50841},{"$id":"104","type":0,"pos":2,"size":1,"_time":31.50841,"shift":0,"time":31.50841},{"$id":"105","type":0,"sounds":[{"w":0,"d":0,"p":84,"v":0}],"pos":-0.8,"size":1,"_time":31.83628,"shift":0,"time":31.83628},{"$id":"106","type":0,"pos":-2,"size":1,"_time":32.16415,"shift":0,"time":32.16415},{"$id":"107","type":0,"sounds":[{"w":0,"d":0,"p":84,"v":0}],"pos":0.8,"size":1.2,"_time":32.16415,"shift":0,"time":32.16415},{"$id":"108","type":0,"sounds":[{"w":0,"d":0,"p":84,"v":0}],"pos":-1,"size":1,"_time":32.49202,"shift":0,"time":32.49202},{"$id":"109","type":0,"sounds":[{"w":0,"d":0,"p":84,"v":0}],"pos":-0.6,"size":1.2,"_time":32.81989,"shift":0,"time":32.81989},{"$id":"110","type":0,"pos":2,"size":1,"_time":32.81989,"shift":0,"time":32.81989},{"$id":"111","type":0,"sounds":[{"w":0,"d":0,"p":84,"v":0}],"pos":-1.4,"size":1,"_time":33.14775,"shift":0,"time":33.14775},{"$id":"112","type":0,"pos":0.2,"size":1,"_time":33.47562,"shift":0,"time":33.47562},{"$id":"113","type":0,"sounds":[{"w":0,"d":0,"p":84,"v":0}],"pos":2,"size":1.2,"_time":33.47562,"shift":0,"time":33.47562},{"$id":"114","type":0,"pos":-2,"size":1,"_time":33.80349,"shift":0,"time":33.80349},{"$id":"115","type":0,"sounds":[{"w":0,"d":0,"p":84,"v":0}],"pos":-0.2,"size":1,"_time":33.80349,"shift":0,"time":33.80349},{"$id":"116","type":0,"pos":-2,"size":1,"_time":33.96743,"shift":0,"time":33.96743},{"$id":"117","type":0,"pos":-1.2,"size":1,"_time":34.13136,"shift":0,"time":34.13136},{"$id":"118","type":0,"sounds":[{"w":0,"d":0,"p":84,"v":0}],"pos":1,"size":1.2,"_time":34.13136,"shift":0,"time":34.13136},{"$id":"119","type":0,"sounds":[{"w":0,"d":0,"p":84,"v":0}],"pos":0.6,"size":1,"_time":34.45923,"shift":0,"time":34.45923},{"$id":"120","type":0,"pos":1.2,"size":1,"_time":34.7871,"shift":0,"time":34.7871},{"$id":"121","type":0,"sounds":[{"w":0,"d":0,"p":84,"v":0}],"pos":-0.2,"size":1.2,"_time":34.7871,"shift":0,"time":34.7871},{"$id":"122","type":0,"sounds":[{"w":0,"d":0,"p":84,"v":0}],"pos":-1.4,"size":1,"_time":35.11497,"shift":0,"time":35.11497},{"$id":"123","type":0,"pos":-1.2,"size":1,"_time":35.44284,"shift":0,"time":35.44284},{"$id":"124","type":0,"sounds":[{"w":0,"d":0,"p":84,"v":0}],"pos":0.4,"size":1.2,"_time":35.44284,"shift":0,"time":35.44284},{"$id":"125","type":0,"sounds":[{"w":0,"d":0,"p":84,"v":0}],"pos":1.4,"size":1,"_time":35.77071,"shift":0,"time":35.77071},{"$id":"126","type":0,"sounds":[{"w":0,"d":0,"p":84,"v":0}],"pos":-1.4,"size":1.2,"_time":36.09858,"shift":0,"time":36.09858},{"$id":"127","type":0,"pos":1.490116E-09,"size":1,"_time":36.09858,"shift":0,"time":36.09858},{"$id":"128","type":0,"sounds":[{"w":0,"d":0,"p":84,"v":0}],"pos":0.8,"size":1,"_time":36.42644,"shift":0,"time":36.42644},{"$id":"129","type":0,"pos":-1.2,"size":1,"_time":36.42645,"shift":0,"time":36.42645},{"$id":"130","type":0,"pos":-1.2,"size":1,"_time":36.59038,"shift":0,"time":36.59038},{"$id":"131","type":0,"pos":2,"size":1,"_time":36.75431,"shift":0,"time":36.75431},{"$id":"132","type":0,"sounds":[{"w":0,"d":0,"p":84,"v":0}],"pos":0.2,"size":1.2,"_time":36.75431,"shift":0,"time":36.75431},{"$id":"133","type":0,"sounds":[{"w":0,"d":0,"p":84,"v":0}],"pos":-0.8,"size":1,"_time":37.08218,"shift":0,"time":37.08218},{"$id":"134","type":0,"pos":-2,"size":1,"_time":37.41005,"shift":0,"time":37.41005},{"$id":"135","type":0,"sounds":[{"w":0,"d":0,"p":84,"v":0}],"pos":1.6,"size":1.2,"_time":37.41005,"shift":0,"time":37.41005},{"$id":"136","type":0,"sounds":[{"w":0,"d":0,"p":84,"v":0}],"pos":-1.6,"size":1,"_time":37.73792,"shift":0,"time":37.73792},{"$id":"137","type":0,"sounds":[{"w":0,"d":0,"p":84,"v":0}],"pos":-1,"size":1.2,"_time":38.06579,"shift":0,"time":38.06579},{"$id":"138","type":0,"pos":2,"size":1,"_time":38.06579,"shift":0,"time":38.06579},{"$id":"139","type":0,"sounds":[{"w":0,"d":0,"p":84,"v":0}],"pos":1.6,"size":1,"_time":38.39366,"shift":0,"time":38.39366},{"$id":"140","type":0,"pos":-2,"size":1,"_time":38.72152,"shift":0,"time":38.72152},{"$id":"141","type":0,"sounds":[{"w":0,"d":0,"p":84,"v":0}],"pos":0.2,"size":1.2,"_time":38.72152,"shift":0,"time":38.72152},{"$id":"142","type":0,"sounds":[{"w":0,"d":0,"p":84,"v":0}],"pos":1.2,"size":1,"_time":39.04939,"shift":0,"time":39.04939},{"$id":"143","type":0,"pos":1.490116E-09,"size":1,"_time":39.0494,"shift":0,"time":39.0494},{"$id":"144","type":0,"pos":1.490116E-09,"size":1,"_time":39.21333,"shift":0,"time":39.21333},{"$id":"145","type":0,"sounds":[{"w":0,"d":0,"p":84,"v":0}],"pos":-2,"size":1.2,"_time":39.37726,"shift":0,"time":39.37726},{"$id":"146","type":0,"pos":1,"size":1,"_time":39.37727,"shift":0,"time":39.37727},{"$id":"147","type":0,"sounds":[{"w":0,"d":0,"p":84,"v":0}],"pos":0.2,"size":1,"_time":39.70513,"shift":0,"time":39.70513},{"$id":"148","type":0,"sounds":[{"w":0,"d":0,"p":84,"v":0}],"pos":-0.4,"size":1.2,"_time":40.033,"shift":0,"time":40.033},{"$id":"149","type":0,"pos":1,"size":1,"_time":40.033,"shift":0,"time":40.033},{"$id":"150","type":0,"sounds":[{"w":0,"d":0,"p":84,"v":0}],"pos":1.4,"size":1,"_time":40.36087,"shift":0,"time":40.36087},{"$id":"151","type":0,"sounds":[{"w":0,"d":0,"p":84,"v":0}],"pos":0.4,"size":1.2,"_time":40.68874,"shift":0,"time":40.68874},{"$id":"152","type":0,"pos":-1.4,"size":1,"_time":40.68874,"shift":0,"time":40.68874},{"$id":"153","type":0,"sounds":[{"w":0,"d":0,"p":84,"v":0}],"pos":-1,"size":1,"_time":41.01661,"shift":0,"time":41.01661},{"$id":"154","type":0,"sounds":[{"w":0,"d":0,"p":84,"v":0}],"pos":1.6,"size":1.2,"_time":41.34447,"shift":0,"time":41.34447},{"$id":"155","type":0,"sounds":[{"w":0,"d":0,"p":84,"v":0}],"pos":-0.8,"size":1,"_time":41.67234,"shift":0,"time":41.67234},{"$id":"156","type":0,"sounds":[{"w":0,"d":0,"p":84,"v":0}],"pos":1.490116E-09,"size":1.2,"_time":42.00021,"shift":0,"time":42.00021},{"$id":"157","type":0,"pos":-2,"size":1,"_time":42.32808,"shift":0,"time":42.32808},{"$id":"158","type":0,"pos":2,"size":0.7,"_time":42.57399,"shift":0,"time":42.57399},{"$id":"159","type":0,"pos":2,"size":0.7,"_time":42.73792,"shift":0,"time":42.73792},{"$id":"160","type":0,"pos":2,"size":0.7,"_time":42.81989,"shift":0,"time":42.81989},{"$id":"161","type":0,"pos":-2,"size":1,"_time":42.98382,"shift":0,"time":42.98382},{"$id":"162","type":0,"pos":2,"size":0.7,"_time":43.22972,"shift":0,"time":43.22972},{"$id":"163","type":0,"pos":2,"size":0.7,"_time":43.39366,"shift":0,"time":43.39366},{"$id":"164","type":0,"pos":2,"size":0.7,"_time":43.47562,"shift":0,"time":43.47562},{"$id":"165","type":0,"pos":-2,"size":1,"_time":43.63956,"shift":0,"time":43.63956},{"$id":"166","type":0,"pos":2,"size":0.7,"_time":43.88546,"shift":0,"time":43.88546},{"$id":"167","type":0,"pos":2,"size":0.7,"_time":44.13136,"shift":0,"time":44.13136},{"$id":"168","type":0,"pos":-2,"size":1,"_time":44.45923,"shift":0,"time":44.45923},{"$id":"169","type":0,"pos":0.8,"size":0.8,"_time":44.95103,"shift":0,"time":44.95103},{"$id":"170","type":0,"pos":0.8,"size":0.8,"_time":45.19693,"shift":0,"time":45.19693},{"$id":"171","type":0,"pos":0.8,"size":0.8,"_time":45.44284,"shift":0,"time":45.44284},{"$id":"172","type":0,"pos":1.4,"size":0.8,"_time":45.60677,"shift":0,"time":45.60677},{"$id":"173","type":0,"pos":-0.8,"size":0.8,"_time":45.93464,"shift":0,"time":45.93464},{"$id":"174","type":0,"pos":-0.8,"size":0.8,"_time":46.26251,"shift":0,"time":46.26251},{"$id":"175","type":0,"pos":-0.8,"size":0.8,"_time":46.50841,"shift":0,"time":46.50841},{"$id":"176","type":0,"pos":-0.8,"size":0.8,"_time":46.75431,"shift":0,"time":46.75431},{"$id":"177","type":0,"pos":0.8,"size":0.8,"_time":46.91825,"shift":0,"time":46.91825},{"$id":"178","type":0,"pos":-2,"size":1,"_time":47.24612,"shift":0,"time":47.24612},{"$id":"179","type":0,"pos":2,"size":1,"_time":47.57398,"shift":0,"time":47.57398},{"$id":"180","type":0,"pos":-1.4,"size":1,"_time":47.90185,"shift":0,"time":47.90185},{"$id":"181","type":0,"pos":1.4,"size":1,"_time":48.22972,"shift":0,"time":48.22972},{"$id":"182","type":0,"pos":-0.8,"size":1,"_time":48.55759,"shift":0,"time":48.55759},{"$id":"183","type":0,"pos":0.8,"size":1,"_time":48.88546,"shift":0,"time":48.88546},{"$id":"184","type":0,"pos":-0.2,"size":1,"_time":49.21333,"shift":0,"time":49.21333},{"$id":"185","type":0,"pos":0.2,"size":1,"_time":49.54119,"shift":0,"time":49.54119},{"$id":"186","type":0,"pos":-1.5,"size":1,"_time":49.86907,"shift":0,"time":49.86907},{"$id":"187","type":0,"pos":-0.5,"size":1,"_time":50.033,"shift":0,"time":50.033},{"$id":"188","type":0,"pos":0.5,"size":1,"_time":50.19693,"shift":0,"time":50.19693},{"$id":"189","type":0,"pos":1.5,"size":1,"_time":50.36087,"shift":0,"time":50.36087},{"$id":"190","type":0,"pos":-0.8,"size":1,"_time":50.5248,"shift":0,"time":50.5248},{"$id":"191","type":0,"pos":0.8,"size":1,"_time":50.60677,"shift":0,"time":50.60677},{"$id":"192","type":0,"pos":-0.8,"size":1,"_time":50.68874,"shift":0,"time":50.68874},{"$id":"193","type":0,"pos":0.8,"size":1,"_time":50.77071,"shift":0,"time":50.77071},{"$id":"194","type":0,"pos":-0.8,"size":1,"_time":50.85267,"shift":0,"time":50.85267},{"$id":"195","type":0,"pos":0.8,"size":1,"_time":50.93464,"shift":0,"time":50.93464},{"$id":"196","type":0,"pos":-0.8,"size":1,"_time":51.01661,"shift":0,"time":51.01661},{"$id":"197","type":0,"pos":0.8,"size":1,"_time":51.09858,"shift":0,"time":51.09858},{"$id":"198","type":0,"sounds":[{"w":0,"d":0,"p":84,"v":0}],"pos":-2,"size":1.2,"_time":51.18054,"shift":0,"time":51.18054},{"$id":"199","type":0,"sounds":[{"w":0,"d":0,"p":84,"v":0}],"pos":-0.6,"size":1.2,"_time":51.50841,"shift":0,"time":51.50841},{"$id":"200","type":0,"sounds":[{"w":0,"d":0,"p":84,"v":0}],"pos":0.2,"size":1.2,"_time":51.83628,"shift":0,"time":51.83628},{"$id":"201","type":0,"sounds":[{"w":0,"d":0,"p":84,"v":0}],"pos":1.6,"size":1.4,"_time":51.83628,"shift":0,"time":51.83628},{"$id":"202","type":0,"sounds":[{"w":0,"d":0,"p":84,"v":0}],"pos":-1.2,"size":1.4,"_time":52.00021,"shift":0,"time":52.00021},{"$id":"203","type":0,"sounds":[{"w":0,"d":0,"p":84,"v":0}],"pos":0.2,"size":1.2,"_time":52.00021,"shift":0,"time":52.00021},{"$id":"204","type":0,"sounds":[{"w":0,"d":0,"p":84,"v":0}],"pos":0.2,"size":1.2,"_time":52.16415,"shift":0,"time":52.16415},{"$id":"205","type":0,"sounds":[{"w":0,"d":0,"p":84,"v":0}],"pos":1.6,"size":1.4,"_time":52.16415,"shift":0,"time":52.16415},{"$id":"206","type":0,"sounds":[{"w":0,"d":0,"p":84,"v":0}],"pos":-1.2,"size":1.4,"_time":52.32808,"shift":0,"time":52.32808},{"$id":"207","type":0,"sounds":[{"w":0,"d":0,"p":84,"v":0}],"pos":0.2,"size":1.2,"_time":52.32808,"shift":0,"time":52.32808},{"$id":"208","type":0,"sounds":[{"w":0,"d":0,"p":84,"v":0}],"pos":-1.2,"size":1.2,"_time":52.49202,"shift":0,"time":52.49202},{"$id":"209","type":0,"sounds":[{"w":0,"d":0,"p":84,"v":0}],"pos":1.2,"size":1.2,"_time":52.49202,"shift":0,"time":52.49202},{"$id":"210","type":0,"pos":0.2,"size":0.8,"_time":52.81989,"shift":0,"time":52.81989},{"$id":"211","type":0,"pos":0.2,"size":0.8,"_time":53.06579,"shift":0,"time":53.06579},{"$id":"212","type":0,"pos":-2,"size":1.3,"_time":53.14775,"shift":0,"time":53.14775},{"$id":"213","type":0,"pos":0.2,"size":0.8,"_time":53.31169,"shift":0,"time":53.31169},{"$id":"214","type":0,"pos":1.2,"size":0.8,"_time":53.47562,"shift":0,"time":53.47562},{"$id":"215","type":0,"pos":-0.8,"size":1,"_time":53.80349,"shift":0,"time":53.80349},{"$id":"216","type":0,"pos":0.6,"size":0.8,"_time":53.80349,"shift":0,"time":53.80349},{"$id":"217","type":0,"pos":0.6,"size":0.8,"_time":54.13136,"shift":0,"time":54.13136},{"$id":"218","type":0,"pos":0.6,"size":0.8,"_time":54.37726,"shift":0,"time":54.37726},{"$id":"219","type":0,"pos":-2,"size":1.3,"_time":54.45923,"shift":0,"time":54.45923},{"$id":"220","type":0,"pos":0.6,"size":0.8,"_time":54.62317,"shift":0,"time":54.62317},{"$id":"221","type":0,"pos":2,"size":0.8,"_time":54.7871,"shift":0,"time":54.7871},{"$id":"222","type":0,"pos":-0.8,"size":1,"_time":55.11497,"shift":0,"time":55.11497},{"$id":"223","type":0,"pos":1.2,"size":0.8,"_time":55.44284,"shift":0,"time":55.44284},{"$id":"224","type":0,"pos":-0.8,"size":1,"_time":55.60677,"shift":0,"time":55.60677},{"$id":"225","type":0,"pos":1.2,"size":0.8,"_time":55.68874,"shift":0,"time":55.68874},{"$id":"226","type":0,"pos":-2,"size":1.3,"_time":55.77071,"shift":0,"time":55.77071},{"$id":"227","type":0,"pos":1.2,"size":0.8,"_time":55.93464,"shift":0,"time":55.93464},{"$id":"228","type":0,"pos":0.4,"size":0.8,"_time":56.09858,"shift":0,"time":56.09858},{"$id":"229","type":0,"pos":-0.8,"size":1,"_time":56.26251,"shift":0,"time":56.26251},{"$id":"230","type":0,"pos":-0.8,"size":1,"_time":56.42645,"shift":0,"time":56.42645},{"$id":"231","type":0,"pos":0.8,"size":0.8,"_time":56.42645,"shift":0,"time":56.42645},{"$id":"232","type":0,"pos":2,"size":0.8,"_time":56.75431,"shift":0,"time":56.75431},{"$id":"233","type":0,"pos":-0.8,"size":1,"_time":56.75431,"shift":0,"time":56.75431},{"$id":"234","type":0,"pos":1,"size":0.8,"_time":57.00021,"shift":0,"time":57.00021},{"$id":"235","type":0,"pos":2,"size":1.3,"_time":57.08218,"shift":0,"time":57.08218},{"$id":"236","type":0,"pos":-2,"size":1.3,"_time":57.08218,"shift":0,"time":57.08218},{"$id":"237","type":0,"pos":1.490116E-09,"size":1,"_time":57.24612,"shift":0,"time":57.24612},{"$id":"238","type":0,"pos":-1,"size":1.3,"_time":57.41005,"shift":0,"time":57.41005},{"$id":"239","type":0,"pos":1,"size":1.3,"_time":57.41005,"shift":0,"time":57.41005},{"$id":"240","type":0,"pos":1.490116E-09,"size":1,"_time":57.57399,"shift":0,"time":57.57399},{"$id":"241","type":0,"pos":0.8,"size":1,"_time":57.73792,"shift":0,"time":57.73792},{"$id":"242","type":0,"pos":-1.2,"size":0.8,"_time":58.06579,"shift":0,"time":58.06579},{"$id":"243","type":0,"pos":-1.2,"size":0.8,"_time":58.31169,"shift":0,"time":58.31169},{"$id":"244","type":0,"pos":2,"size":1.3,"_time":58.39365,"shift":0,"time":58.39365},{"$id":"245","type":0,"pos":-1.2,"size":0.8,"_time":58.55759,"shift":0,"time":58.55759},{"$id":"246","type":0,"pos":-0.2,"size":0.8,"_time":58.72152,"shift":0,"time":58.72152},{"$id":"247","type":0,"pos":0.8,"size":1,"_time":59.04939,"shift":0,"time":59.04939},{"$id":"248","type":0,"pos":-1.6,"size":0.8,"_time":59.04939,"shift":0,"time":59.04939},{"$id":"249","type":0,"pos":-1.6,"size":0.8,"_time":59.37726,"shift":0,"time":59.37726},{"$id":"250","type":0,"pos":-1.6,"size":0.8,"_time":59.62316,"shift":0,"time":59.62316},{"$id":"251","type":0,"pos":2,"size":1.3,"_time":59.70513,"shift":0,"time":59.70513},{"$id":"252","type":0,"pos":-1.6,"size":0.8,"_time":59.86906,"shift":0,"time":59.86906},{"$id":"253","type":0,"pos":-0.2,"size":0.8,"_time":60.033,"shift":0,"time":60.033},{"$id":"254","type":0,"pos":0.8,"size":1,"_time":60.36087,"shift":0,"time":60.36087},{"$id":"255","type":0,"pos":-0.6,"size":0.8,"_time":60.68874,"shift":0,"time":60.68874},{"$id":"256","type":0,"pos":0.8,"size":1,"_time":60.85267,"shift":0,"time":60.85267},{"$id":"257","type":0,"pos":-0.6,"size":0.8,"_time":60.93464,"shift":0,"time":60.93464},{"$id":"258","type":0,"pos":2,"size":1.3,"_time":61.01661,"shift":0,"time":61.01661},{"$id":"259","type":0,"pos":-0.6,"size":0.8,"_time":61.18054,"shift":0,"time":61.18054},{"$id":"260","type":0,"pos":-1.4,"size":0.8,"_time":61.34447,"shift":0,"time":61.34447},{"$id":"261","type":0,"pos":0.8,"size":1,"_time":61.50841,"shift":0,"time":61.50841},{"$id":"262","type":0,"pos":0.8,"size":1,"_time":61.67234,"shift":0,"time":61.67234},{"$id":"263","type":0,"pos":-0.8,"size":0.8,"_time":61.67234,"shift":0,"time":61.67234},{"$id":"264","type":0,"pos":-2,"size":0.8,"_time":62.00021,"shift":0,"time":62.00021},{"$id":"265","type":0,"pos":0.8,"size":1,"_time":62.00021,"shift":0,"time":62.00021},{"$id":"266","type":0,"pos":-1,"size":0.8,"_time":62.24611,"shift":0,"time":62.24611},{"$id":"267","type":0,"pos":-2,"size":1.3,"_time":62.32808,"shift":0,"time":62.32808},{"$id":"268","type":0,"pos":2,"size":1.3,"_time":62.32808,"shift":0,"time":62.32808},{"$id":"269","type":0,"pos":-1.490116E-09,"size":1,"_time":62.49202,"shift":0,"time":62.49202},{"$id":"270","type":0,"pos":1,"size":1.3,"_time":62.65595,"shift":0,"time":62.65595},{"$id":"271","type":0,"pos":-1,"size":1.3,"_time":62.65595,"shift":0,"time":62.65595},{"$id":"272","type":0,"pos":-1.490116E-09,"size":1,"_time":62.81989,"shift":0,"time":62.81989},{"$id":"273","type":0,"pos":0.8,"size":1,"_time":62.98382,"shift":0,"time":62.98382},{"$id":"274","type":0,"pos":-0.8,"size":0.8,"_time":63.31169,"shift":0,"time":63.31169},{"$id":"275","type":0,"pos":-0.8,"size":0.8,"_time":63.55759,"shift":0,"time":63.55759},{"$id":"276","type":0,"pos":2,"size":1.3,"_time":63.63955,"shift":0,"time":63.63955},{"$id":"277","type":0,"pos":-0.8,"size":0.8,"_time":63.80349,"shift":0,"time":63.80349},{"$id":"278","type":0,"pos":-1.8,"size":0.8,"_time":63.96742,"shift":0,"time":63.96742},{"$id":"279","type":0,"pos":0.8,"size":1,"_time":64.29529,"shift":0,"time":64.29529},{"$id":"280","type":0,"pos":-0.4,"size":0.8,"_time":64.29529,"shift":0,"time":64.29529},{"$id":"281","type":0,"pos":-0.4,"size":0.8,"_time":64.62315,"shift":0,"time":64.62315},{"$id":"282","type":0,"pos":-0.4,"size":0.8,"_time":64.86906,"shift":0,"time":64.86906},{"$id":"283","type":0,"pos":2,"size":1.3,"_time":64.95103,"shift":0,"time":64.95103},{"$id":"284","type":0,"pos":-0.4,"size":0.8,"_time":65.11496,"shift":0,"time":65.11496},{"$id":"285","type":0,"pos":-1.8,"size":0.8,"_time":65.2789,"shift":0,"time":65.2789},{"$id":"286","type":0,"pos":0.8,"size":1,"_time":65.60677,"shift":0,"time":65.60677},{"$id":"287","type":0,"pos":-1.4,"size":0.8,"_time":65.93463,"shift":0,"time":65.93463},{"$id":"288","type":0,"pos":0.8,"size":1,"_time":66.09857,"shift":0,"time":66.09857},{"$id":"289","type":0,"pos":-1.4,"size":0.8,"_time":66.18053,"shift":0,"time":66.18053},{"$id":"290","type":0,"pos":2,"size":1.3,"_time":66.26251,"shift":0,"time":66.26251},{"$id":"291","type":0,"pos":-1.4,"size":0.8,"_time":66.42644,"shift":0,"time":66.42644},{"$id":"292","type":0,"pos":-0.5999999,"size":0.8,"_time":66.59037,"shift":0,"time":66.59037},{"$id":"293","type":0,"pos":0.8,"size":1,"_time":66.7543,"shift":0,"time":66.7543},{"$id":"294","type":0,"pos":0.8,"size":1,"_time":66.91824,"shift":0,"time":66.91824},{"$id":"295","type":0,"pos":-0.8,"size":0.8,"_time":66.91824,"shift":0,"time":66.91824},{"$id":"296","type":0,"pos":-2,"size":0.8,"_time":67.24611,"shift":0,"time":67.24611},{"$id":"297","type":0,"pos":0.8,"size":1,"_time":67.24611,"shift":0,"time":67.24611},{"$id":"298","type":0,"pos":-1,"size":0.8,"_time":67.49201,"shift":0,"time":67.49201},{"$id":"299","type":0,"pos":-2,"size":1.3,"_time":67.57397,"shift":0,"time":67.57397},{"$id":"300","type":0,"pos":2,"size":1.3,"_time":67.57398,"shift":0,"time":67.57398},{"$id":"301","type":0,"pos":-0.4,"size":1,"_time":67.73792,"shift":0,"time":67.73792},{"$id":"302","type":0,"pos":-1,"size":1.3,"_time":67.90185,"shift":0,"time":67.90185},{"$id":"303","type":0,"pos":1,"size":1.3,"_time":67.90185,"shift":0,"time":67.90185},{"$id":"304","type":0,"pos":0.4,"size":1,"_time":68.06578,"shift":0,"time":68.06578},{"$id":"305","type":0,"pos":-0.8,"size":1,"_time":68.22971,"shift":0,"time":68.22971},{"$id":"306","type":0,"pos":1.2,"size":0.8,"_time":68.55757,"shift":0,"time":68.55757},{"$id":"307","type":0,"pos":1.2,"size":0.8,"_time":68.80347,"shift":0,"time":68.80347},{"$id":"308","type":0,"pos":-2,"size":1.3,"_time":68.88544,"shift":0,"time":68.88544},{"$id":"309","type":0,"pos":1.2,"size":0.8,"_time":69.04938,"shift":0,"time":69.04938},{"$id":"310","type":0,"pos":0.2,"size":0.8,"_time":69.21331,"shift":0,"time":69.21331},{"$id":"311","type":0,"pos":-0.8,"size":1,"_time":69.54118,"shift":0,"time":69.54118},{"$id":"312","type":0,"pos":1.6,"size":0.8,"_time":69.54118,"shift":0,"time":69.54118},{"$id":"313","type":0,"pos":1.6,"size":0.8,"_time":69.86905,"shift":0,"time":69.86905},{"$id":"314","type":0,"pos":1.6,"size":0.8,"_time":70.11494,"shift":0,"time":70.11494},{"$id":"315","type":0,"pos":-2,"size":1.3,"_time":70.19691,"shift":0,"time":70.19691},{"$id":"316","type":0,"pos":1.6,"size":0.8,"_time":70.36086,"shift":0,"time":70.36086},{"$id":"317","type":0,"pos":0.2,"size":0.8,"_time":70.52478,"shift":0,"time":70.52478},{"$id":"318","type":0,"pos":-0.8,"size":1,"_time":70.85265,"shift":0,"time":70.85265},{"$id":"319","type":0,"pos":0.6,"size":0.8,"_time":71.18053,"shift":0,"time":71.18053},{"$id":"320","type":0,"pos":-0.8,"size":1,"_time":71.34446,"shift":0,"time":71.34446},{"$id":"321","type":0,"pos":0.6,"size":0.8,"_time":71.42642,"shift":0,"time":71.42642},{"$id":"322","type":0,"pos":-2,"size":1.3,"_time":71.50839,"shift":0,"time":71.50839},{"$id":"323","type":0,"pos":0.6,"size":0.8,"_time":71.67233,"shift":0,"time":71.67233},{"$id":"324","type":0,"pos":1.4,"size":0.8,"_time":71.83626,"shift":0,"time":71.83626},{"$id":"325","type":0,"pos":-0.8,"size":1,"_time":72.00021,"shift":0,"time":72.00021},{"$id":"326","type":0,"sounds":[{"w":0,"d":0,"p":84,"v":0}],"pos":-0.2,"size":1.2,"_time":72.16414,"shift":0,"time":72.16414},{"$id":"327","type":0,"sounds":[{"w":0,"d":0,"p":84,"v":0}],"pos":2,"size":1.2,"_time":72.16415,"shift":0,"time":72.16415},{"$id":"328","type":0,"sounds":[{"w":0,"d":0,"p":84,"v":0}],"pos":1.2,"size":1.2,"_time":72.492,"shift":0,"time":72.492},{"$id":"329","type":0,"sounds":[{"w":0,"d":0,"p":84,"v":0}],"pos":-1.4,"size":1.4,"_time":72.81987,"shift":0,"time":72.81987},{"$id":"330","type":0,"sounds":[{"w":0,"d":0,"p":84,"v":0}],"pos":0.2,"size":1.4,"_time":72.81989,"shift":0,"time":72.81989},{"$id":"331","type":0,"sounds":[{"w":0,"d":0,"p":84,"v":0}],"pos":-1.4,"size":1.4,"_time":72.98381,"shift":0,"time":72.98381},{"$id":"332","type":0,"sounds":[{"w":0,"d":0,"p":84,"v":0}],"pos":1.2,"size":1.4,"_time":72.98381,"shift":0,"time":72.98381},{"$id":"333","type":0,"sounds":[{"w":0,"d":0,"p":84,"v":0}],"pos":-1.4,"size":1.4,"_time":73.14775,"shift":0,"time":73.14775},{"$id":"334","type":0,"sounds":[{"w":0,"d":0,"p":84,"v":0}],"pos":1.490116E-09,"size":1.4,"_time":73.14775,"shift":0,"time":73.14775},{"$id":"335","type":0,"sounds":[{"w":0,"d":0,"p":84,"v":0}],"pos":-1.4,"size":1.4,"_time":73.31168,"shift":0,"time":73.31168},{"$id":"336","type":0,"sounds":[{"w":0,"d":0,"p":84,"v":0}],"pos":1.4,"size":1.4,"_time":73.31168,"shift":0,"time":73.31168},{"$id":"337","type":0,"sounds":[{"w":0,"d":0,"p":84,"v":0}],"pos":-2,"size":1.4,"_time":73.47562,"shift":0,"time":73.47562},{"$id":"338","type":0,"sounds":[{"w":0,"d":0,"p":84,"v":0}],"pos":0.8,"size":1.4,"_time":73.47562,"shift":0,"time":73.47562},{"$id":"339","type":0,"sounds":[{"w":0,"d":0,"p":84,"v":0}],"pos":0.8,"size":1,"_time":73.80348,"shift":0,"time":73.80348},{"$id":"340","type":0,"sounds":[{"w":0,"d":0,"p":84,"v":0}],"pos":-0.6,"size":1.3,"_time":74.13135,"shift":0,"time":74.13135},{"$id":"341","type":0,"pos":1.6,"size":1.3,"_time":74.13136,"shift":0,"time":74.13136},{"$id":"342","type":0,"sounds":[{"w":0,"d":0,"p":84,"v":0}],"pos":1.490116E-09,"size":1,"_time":74.45922,"shift":0,"time":74.45922},{"$id":"343","type":0,"sounds":[{"w":0,"d":0,"p":84,"v":0}],"pos":-1.8,"size":1.3,"_time":74.7871,"shift":0,"time":74.7871},{"$id":"344","type":0,"pos":0.2,"size":1,"_time":74.7871,"shift":0,"time":74.7871},{"$id":"345","type":0,"sounds":[{"w":0,"d":0,"p":84,"v":0}],"pos":-0.6,"size":1,"_time":75.11496,"shift":0,"time":75.11496},{"$id":"346","type":0,"pos":-2,"size":1.3,"_time":75.44284,"shift":0,"time":75.44284},{"$id":"347","type":0,"sounds":[{"w":0,"d":0,"p":84,"v":0}],"pos":0.8,"size":1.3,"_time":75.44284,"shift":0,"time":75.44284},{"$id":"348","type":0,"sounds":[{"w":0,"d":0,"p":84,"v":0}],"pos":-1,"size":1,"_time":75.77071,"shift":0,"time":75.77071},{"$id":"349","type":0,"pos":0.6,"size":1,"_time":75.77071,"shift":0,"time":75.77071},{"$id":"350","type":0,"pos":0.6,"size":1,"_time":75.93463,"shift":0,"time":75.93463},{"$id":"351","type":0,"sounds":[{"w":0,"d":0,"p":84,"v":0}],"pos":-0.4,"size":1.3,"_time":76.09857,"shift":0,"time":76.09857},{"$id":"352","type":0,"pos":1.6,"size":1,"_time":76.09857,"shift":0,"time":76.09857},{"$id":"353","type":0,"sounds":[{"w":0,"d":0,"p":84,"v":0}],"pos":-1.4,"size":1,"_time":76.42645,"shift":0,"time":76.42645},{"$id":"354","type":0,"pos":0.4,"size":1,"_time":76.59038,"shift":0,"time":76.59038},{"$id":"355","type":0,"pos":-1,"size":1.3,"_time":76.7543,"shift":0,"time":76.7543},{"$id":"356","type":0,"sounds":[{"w":0,"d":0,"p":84,"v":0}],"pos":1.2,"size":1.3,"_time":76.75432,"shift":0,"time":76.75432},{"$id":"357","type":0,"sounds":[{"w":0,"d":0,"p":84,"v":0}],"pos":-0.4,"size":1,"_time":77.08218,"shift":0,"time":77.08218},{"$id":"358","type":0,"pos":-1.4,"size":1,"_time":77.24611,"shift":0,"time":77.24611},{"$id":"359","type":0,"pos":-1.4,"size":1,"_time":77.41005,"shift":0,"time":77.41005},{"$id":"360","type":0,"sounds":[{"w":0,"d":0,"p":84,"v":0}],"pos":0.2,"size":1.3,"_time":77.41005,"shift":0,"time":77.41005},{"$id":"361","type":0,"pos":-0.6,"size":1,"_time":77.73791,"shift":0,"time":77.73791},{"$id":"362","type":0,"sounds":[{"w":0,"d":0,"p":84,"v":0}],"pos":1.4,"size":1,"_time":77.73792,"shift":0,"time":77.73792},{"$id":"363","type":0,"sounds":[{"w":0,"d":0,"p":84,"v":0}],"pos":-1.2,"size":1.3,"_time":78.06579,"shift":0,"time":78.06579},{"$id":"364","type":0,"pos":1.4,"size":1.3,"_time":78.06579,"shift":0,"time":78.06579},{"$id":"365","type":0,"pos":0.2,"size":1,"_time":78.22972,"shift":0,"time":78.22972},{"$id":"366","type":0,"pos":-1.6,"size":1.3,"_time":78.39366,"shift":0,"time":78.39366},{"$id":"367","type":0,"sounds":[{"w":0,"d":0,"p":84,"v":0}],"pos":0.8,"size":1,"_time":78.39366,"shift":0,"time":78.39366},{"$id":"368","type":0,"pos":-0.6,"size":1,"_time":78.55759,"shift":0,"time":78.55759},{"$id":"369","type":0,"pos":-1.2,"size":1,"_time":78.72151,"shift":0,"time":78.72151},{"$id":"370","type":0,"sounds":[{"w":0,"d":0,"p":84,"v":0}],"pos":0.4,"size":1.3,"_time":78.72153,"shift":0,"time":78.72153},{"$id":"371","type":0,"sounds":[{"w":0,"d":0,"p":84,"v":0}],"pos":-2,"size":1,"_time":79.04939,"shift":0,"time":79.04939},{"$id":"372","type":0,"sounds":[{"w":0,"d":0,"p":84,"v":0}],"pos":-1.2,"size":1.3,"_time":79.37726,"shift":0,"time":79.37726},{"$id":"373","type":0,"pos":1.8,"size":1.3,"_time":79.37726,"shift":0,"time":79.37726},{"$id":"374","type":0,"sounds":[{"w":0,"d":0,"p":84,"v":0}],"pos":1,"size":1,"_time":79.70512,"shift":0,"time":79.70512},{"$id":"375","type":0,"sounds":[{"w":0,"d":0,"p":84,"v":0}],"pos":1.490116E-09,"size":1.3,"_time":80.03299,"shift":0,"time":80.03299},{"$id":"376","type":0,"pos":-1.6,"size":1,"_time":80.033,"shift":0,"time":80.033},{"$id":"377","type":0,"sounds":[{"w":0,"d":0,"p":84,"v":0}],"pos":1,"size":1,"_time":80.36086,"shift":0,"time":80.36086},{"$id":"378","type":0,"sounds":[{"w":0,"d":0,"p":84,"v":0}],"pos":-0.6,"size":1.3,"_time":80.68873,"shift":0,"time":80.68873},{"$id":"379","type":0,"pos":2,"size":1.3,"_time":80.68874,"shift":0,"time":80.68874},{"$id":"380","type":0,"sounds":[{"w":0,"d":0,"p":84,"v":0}],"pos":-1.4,"size":1,"_time":81.01661,"shift":0,"time":81.01661},{"$id":"381","type":0,"pos":0.2,"size":1,"_time":81.01661,"shift":0,"time":81.01661},{"$id":"382","type":0,"pos":0.2,"size":1,"_time":81.18054,"shift":0,"time":81.18054},{"$id":"383","type":0,"sounds":[{"w":0,"d":0,"p":84,"v":0}],"pos":1.8,"size":1.3,"_time":81.34447,"shift":0,"time":81.34447},{"$id":"384","type":0,"pos":-2,"size":1,"_time":81.34448,"shift":0,"time":81.34448},{"$id":"385","type":0,"sounds":[{"w":0,"d":0,"p":84,"v":0}],"pos":-0.4,"size":1,"_time":81.67233,"shift":0,"time":81.67233},{"$id":"386","type":0,"pos":-2,"size":1,"_time":81.83627,"shift":0,"time":81.83627},{"$id":"387","type":0,"pos":-1,"size":1.3,"_time":82,"shift":0,"time":82},{"$id":"388","type":0,"sounds":[{"w":0,"d":0,"p":84,"v":0}],"pos":0.8,"size":1.3,"_time":82.00021,"shift":0,"time":82.00021},{"$id":"389","type":0,"sounds":[{"w":0,"d":0,"p":84,"v":0}],"pos":-0.8,"size":1,"_time":82.32808,"shift":0,"time":82.32808},{"$id":"390","type":0,"pos":1.4,"size":1,"_time":82.49201,"shift":0,"time":82.49201},{"$id":"391","type":0,"sounds":[{"w":0,"d":0,"p":84,"v":0}],"pos":-0.2,"size":1.3,"_time":82.65595,"shift":0,"time":82.65595},{"$id":"392","type":0,"pos":1.4,"size":1,"_time":82.65595,"shift":0,"time":82.65595},{"$id":"393","type":0,"sounds":[{"w":0,"d":0,"p":84,"v":0}],"pos":1,"size":1,"_time":82.98381,"shift":0,"time":82.98381},{"$id":"394","type":0,"pos":-1.2,"size":1,"_time":82.98383,"shift":0,"time":82.98383},{"$id":"395","type":0,"sounds":[{"w":0,"d":0,"p":84,"v":0}],"pos":-1,"size":1.3,"_time":83.31168,"shift":0,"time":83.31168},{"$id":"396","type":0,"pos":1.2,"size":1.3,"_time":83.31169,"shift":0,"time":83.31169},{"$id":"397","type":0,"pos":0.4,"size":1,"_time":83.47562,"shift":0,"time":83.47562},{"$id":"398","type":0,"pos":-1.6,"size":1.3,"_time":83.63956,"shift":0,"time":83.63956},{"$id":"399","type":0,"sounds":[{"w":0,"d":0,"p":84,"v":0}],"pos":1.490116E-09,"size":1,"_time":83.63956,"shift":0,"time":83.63956},{"$id":"400","type":0,"pos":-0.6,"size":1,"_time":83.80348,"shift":0,"time":83.80348},{"$id":"401","type":0,"sounds":[{"w":0,"d":0,"p":84,"v":0}],"pos":-2,"size":1.3,"_time":83.96741,"shift":0,"time":83.96741},{"$id":"402","type":0,"pos":1.4,"size":1,"_time":83.96741,"shift":0,"time":83.96741},{"$id":"403","type":0,"sounds":[{"w":0,"d":0,"p":84,"v":0}],"pos":0.6,"size":1,"_time":84.29529,"shift":0,"time":84.29529},{"$id":"404","type":0,"pos":-0.6,"size":1.3,"_time":84.62315,"shift":0,"time":84.62315},{"$id":"405","type":0,"sounds":[{"w":0,"d":0,"p":84,"v":0}],"pos":1.2,"size":1.3,"_time":84.62315,"shift":0,"time":84.62315},{"$id":"406","type":0,"sounds":[{"w":0,"d":0,"p":84,"v":0}],"pos":-1.4,"size":1,"_time":84.95102,"shift":0,"time":84.95102},{"$id":"407","type":0,"sounds":[{"w":0,"d":0,"p":84,"v":0}],"pos":-0.4,"size":1.3,"_time":85.27889,"shift":0,"time":85.27889},{"$id":"408","type":0,"pos":1.6,"size":1,"_time":85.2789,"shift":0,"time":85.2789},{"$id":"409","type":0,"sounds":[{"w":0,"d":0,"p":84,"v":0}],"pos":-1,"size":1,"_time":85.60677,"shift":0,"time":85.60677},{"$id":"410","type":0,"pos":-1.6,"size":1.3,"_time":85.93463,"shift":0,"time":85.93463},{"$id":"411","type":0,"sounds":[{"w":0,"d":0,"p":84,"v":0}],"pos":2,"size":1.3,"_time":85.93465,"shift":0,"time":85.93465},{"$id":"412","type":0,"sounds":[{"w":0,"d":0,"p":84,"v":0}],"pos":-0.6,"size":1,"_time":86.2625,"shift":0,"time":86.2625},{"$id":"413","type":0,"pos":1.2,"size":1,"_time":86.26251,"shift":0,"time":86.26251},{"$id":"414","type":0,"pos":1.2,"size":1,"_time":86.42644,"shift":0,"time":86.42644},{"$id":"415","type":0,"pos":-1.4,"size":1,"_time":86.59038,"shift":0,"time":86.59038},{"$id":"416","type":0,"sounds":[{"w":0,"d":0,"p":84,"v":0}],"pos":0.2,"size":1.3,"_time":86.59038,"shift":0,"time":86.59038},{"$id":"417","type":0,"sounds":[{"w":0,"d":0,"p":84,"v":0}],"pos":1,"size":1,"_time":86.91824,"shift":0,"time":86.91824},{"$id":"418","type":0,"pos":-0.4,"size":1,"_time":87.08218,"shift":0,"time":87.08218},{"$id":"419","type":0,"pos":1.6,"size":1.3,"_time":87.24611,"shift":0,"time":87.24611},{"$id":"420","type":0,"sounds":[{"w":0,"d":0,"p":84,"v":0}],"pos":-1.2,"size":1.3,"_time":87.24612,"shift":0,"time":87.24612},{"$id":"421","type":0,"sounds":[{"w":0,"d":0,"p":84,"v":0}],"pos":0.8,"size":1,"_time":87.57399,"shift":0,"time":87.57399},{"$id":"422","type":0,"pos":-0.4,"size":1,"_time":87.73792,"shift":0,"time":87.73792},{"$id":"423","type":0,"sounds":[{"w":0,"d":0,"p":84,"v":0}],"pos":-0.4,"size":1.3,"_time":87.90184,"shift":0,"time":87.90184},{"$id":"424","type":0,"pos":1.6,"size":1,"_time":87.90184,"shift":0,"time":87.90184},{"$id":"425","type":0,"sounds":[{"w":0,"d":0,"p":84,"v":0}],"pos":0.2,"size":1,"_time":88.22972,"shift":0,"time":88.22972},{"$id":"426","type":0,"pos":1.6,"size":1,"_time":88.22972,"shift":0,"time":88.22972},{"$id":"427","type":0,"sounds":[{"w":0,"d":0,"p":84,"v":0}],"pos":-1.8,"size":1.3,"_time":88.55758,"shift":0,"time":88.55758},{"$id":"428","type":0,"pos":-0.2,"size":1.3,"_time":88.55758,"shift":0,"time":88.55758},{"$id":"429","type":0,"pos":1.2,"size":1,"_time":88.72152,"shift":0,"time":88.72152},{"$id":"430","type":0,"sounds":[{"w":0,"d":0,"p":84,"v":0}],"pos":-1,"size":1,"_time":88.88545,"shift":0,"time":88.88545},{"$id":"431","type":0,"pos":0.8,"size":1.3,"_time":88.88545,"shift":0,"time":88.88545},{"$id":"432","type":0,"pos":1.490116E-09,"size":1,"_time":89.04939,"shift":0,"time":89.04939},{"$id":"433","type":0,"pos":-1.6,"size":1,"_time":89.21333,"shift":0,"time":89.21333},{"$id":"434","type":0,"sounds":[{"w":0,"d":0,"p":84,"v":0}],"pos":1,"size":1.3,"_time":89.21333,"shift":0,"time":89.21333},{"$id":"435","type":0,"sounds":[{"w":0,"d":0,"p":84,"v":0}],"pos":-1,"size":1,"_time":89.54118,"shift":0,"time":89.54118},{"$id":"436","type":0,"sounds":[{"w":0,"d":0,"p":84,"v":0}],"pos":-0.6,"size":1.3,"_time":89.86906,"shift":0,"time":89.86906},{"$id":"437","type":0,"pos":1,"size":1.3,"_time":89.86906,"shift":0,"time":89.86906},{"$id":"438","type":0,"sounds":[{"w":0,"d":0,"p":84,"v":0}],"pos":1.6,"size":1,"_time":90.19694,"shift":0,"time":90.19694},{"$id":"439","type":0,"sounds":[{"w":0,"d":0,"p":84,"v":0}],"pos":-0.2,"size":1.3,"_time":90.52481,"shift":0,"time":90.52481},{"$id":"440","type":0,"pos":1.2,"size":1,"_time":90.52481,"shift":0,"time":90.52481},{"$id":"441","type":0,"sounds":[{"w":0,"d":0,"p":84,"v":0}],"pos":-1.2,"size":1,"_time":90.85268,"shift":0,"time":90.85268},{"$id":"442","type":0,"pos":-0.6,"size":1.3,"_time":91.18054,"shift":0,"time":91.18054},{"$id":"443","type":0,"sounds":[{"w":0,"d":0,"p":84,"v":0}],"pos":2,"size":1.3,"_time":91.18054,"shift":0,"time":91.18054},{"$id":"444","type":0,"pos":-1.2,"size":1,"_time":91.50841,"shift":0,"time":91.50841},{"$id":"445","type":0,"sounds":[{"w":0,"d":0,"p":84,"v":0}],"pos":0.8,"size":1,"_time":91.50841,"shift":0,"time":91.50841},{"$id":"446","type":0,"pos":-1.2,"size":1,"_time":91.67234,"shift":0,"time":91.67234},{"$id":"447","type":0,"pos":0.2,"size":1,"_time":91.83627,"shift":0,"time":91.83627},{"$id":"448","type":0,"sounds":[{"w":0,"d":0,"p":84,"v":0}],"pos":-2,"size":1.3,"_time":91.83628,"shift":0,"time":91.83628},{"$id":"449","type":0,"sounds":[{"w":0,"d":0,"p":84,"v":0}],"pos":1,"size":1,"_time":92.16415,"shift":0,"time":92.16415},{"$id":"450","type":0,"pos":-1.4,"size":1,"_time":92.32808,"shift":0,"time":92.32808},{"$id":"451","type":0,"pos":1.8,"size":1.3,"_time":92.492,"shift":0,"time":92.492},{"$id":"452","type":0,"sounds":[{"w":0,"d":0,"p":84,"v":0}],"pos":-0.2,"size":1.3,"_time":92.49202,"shift":0,"time":92.49202},{"$id":"453","type":0,"sounds":[{"w":0,"d":0,"p":84,"v":0}],"pos":0.4,"size":1,"_time":92.81989,"shift":0,"time":92.81989},{"$id":"454","type":0,"pos":-0.8,"size":1,"_time":92.98381,"shift":0,"time":92.98381},{"$id":"455","type":0,"pos":1.490116E-09,"size":1.5,"_time":93.14774,"shift":0,"time":93.14774},{"$id":"456","type":0,"pos":0.65,"size":1.4075,"_time":93.18873,"shift":0,"time":93.18873},{"$id":"457","type":0,"pos":1.2,"size":1.3,"_time":93.22971,"shift":0,"time":93.22971},{"$id":"458","type":0,"pos":1.575,"size":1.165,"_time":93.2707,"shift":0,"time":93.2707},{"$id":"459","type":0,"pos":1.8,"size":1,"_time":93.31168,"shift":0,"time":93.31168},{"$id":"460","type":0,"pos":1.925,"size":0.8075,"_time":93.35267,"shift":0,"time":93.35267},{"$id":"461","type":0,"pos":2,"size":0.6,"_time":93.39365,"shift":0,"time":93.39365},{"$id":"462","type":0,"pos":-1.490116E-09,"size":1.5,"_time":93.39365,"shift":0,"time":93.39365},{"$id":"463","type":0,"pos":-0.65,"size":1.4075,"_time":93.43464,"shift":0,"time":93.43464},{"$id":"464","type":0,"pos":-1.2,"size":1.3,"_time":93.47562,"shift":0,"time":93.47562},{"$id":"465","type":0,"pos":-1.575,"size":1.165,"_time":93.51661,"shift":0,"time":93.51661},{"$id":"466","type":0,"pos":-1.8,"size":1,"_time":93.55759,"shift":0,"time":93.55759},{"$id":"467","type":0,"pos":-1.925,"size":0.8075,"_time":93.59858,"shift":0,"time":93.59858},{"$id":"468","type":0,"pos":1.490116E-09,"size":1.5,"_time":93.63956,"shift":0,"time":93.63956},{"$id":"469","type":0,"pos":-2,"size":0.6,"_time":93.63956,"shift":0,"time":93.63956},{"$id":"470","type":0,"pos":0.65,"size":1.4075,"_time":93.68054,"shift":0,"time":93.68054},{"$id":"471","type":0,"pos":1.2,"size":1.3,"_time":93.72153,"shift":0,"time":93.72153},{"$id":"472","type":0,"pos":1.575,"size":1.165,"_time":93.76251,"shift":0,"time":93.76251},{"$id":"473","type":0,"pos":1.8,"size":1,"_time":93.8035,"shift":0,"time":93.8035},{"$id":"474","type":0,"pos":1.925,"size":0.8075,"_time":93.84448,"shift":0,"time":93.84448},{"$id":"475","type":0,"pos":-1.490116E-09,"size":1.5,"_time":93.88545,"shift":0,"time":93.88545},{"$id":"476","type":0,"pos":2,"size":0.6,"_time":93.88547,"shift":0,"time":93.88547},{"$id":"477","type":0,"pos":-0.65,"size":1.4075,"_time":93.92644,"shift":0,"time":93.92644},{"$id":"478","type":0,"pos":-1.2,"size":1.3,"_time":93.96742,"shift":0,"time":93.96742},{"$id":"479","type":0,"pos":-1.575,"size":1.165,"_time":94.00841,"shift":0,"time":94.00841},{"$id":"480","type":0,"pos":-1.8,"size":1,"_time":94.04939,"shift":0,"time":94.04939},{"$id":"481","type":0,"pos":-1.925,"size":0.8075,"_time":94.09038,"shift":0,"time":94.09038},{"$id":"482","type":0,"pos":1.4,"size":1.5,"_time":94.13135,"shift":0,"time":94.13135},{"$id":"483","type":0,"pos":-2,"size":0.6,"_time":94.13136,"shift":0,"time":94.13136},{"$id":"484","type":0,"pos":0.84375,"size":1.3,"_time":94.17233,"shift":0,"time":94.17233},{"$id":"485","type":0,"pos":0.4,"size":1.1,"_time":94.21332,"shift":0,"time":94.21332},{"$id":"486","type":0,"pos":0.14375,"size":0.9,"_time":94.2543,"shift":0,"time":94.2543},{"$id":"487","type":0,"pos":1.490116E-09,"size":0.7,"_time":94.29529,"shift":0,"time":94.29529},{"$id":"488","type":0,"pos":-2,"size":1,"_time":94.45922,"shift":0,"time":94.45922},{"$id":"489","type":0,"pos":-2,"size":1,"_time":94.62316,"shift":0,"time":94.62316},{"$id":"490","type":0,"pos":-0.4,"size":0.8,"_time":94.78709,"shift":0,"time":94.78709},{"$id":"491","type":0,"pos":2,"size":1.3,"_time":94.7871,"shift":0,"time":94.7871},{"$id":"492","type":0,"pos":0.8,"size":0.8,"_time":95.033,"shift":0,"time":95.033},{"$id":"493","type":0,"pos":-2,"size":1,"_time":95.2789,"shift":0,"time":95.2789},{"$id":"494","type":0,"pos":1.490116E-09,"size":0.8,"_time":95.2789,"shift":0,"time":95.2789},{"$id":"495","type":0,"pos":0.4,"size":0.8,"_time":95.44283,"shift":0,"time":95.44283},{"$id":"496","type":0,"pos":2,"size":1.3,"_time":95.44283,"shift":0,"time":95.44283},{"$id":"497","type":0,"pos":-2,"size":1,"_time":95.77069,"shift":0,"time":95.77069},{"$id":"498","type":0,"pos":-0.4,"size":0.8,"_time":95.77069,"shift":0,"time":95.77069},{"$id":"499","type":0,"pos":-2,"size":1,"_time":95.93463,"shift":0,"time":95.93463},{"$id":"500","type":0,"pos":0.4,"size":0.8,"_time":96.09857,"shift":0,"time":96.09857},{"$id":"501","type":0,"pos":2,"size":1.3,"_time":96.09857,"shift":0,"time":96.09857},{"$id":"502","type":0,"pos":0.4,"size":0.8,"_time":96.34447,"shift":0,"time":96.34447},{"$id":"503","type":0,"pos":-2,"size":1,"_time":96.59038,"shift":0,"time":96.59038},{"$id":"504","type":0,"pos":0.8,"size":0.8,"_time":96.59038,"shift":0,"time":96.59038},{"$id":"505","type":0,"pos":-0.4,"size":0.8,"_time":96.75432,"shift":0,"time":96.75432},{"$id":"506","type":0,"pos":2,"size":1.3,"_time":96.75432,"shift":0,"time":96.75432},{"$id":"507","type":0,"pos":2,"size":1,"_time":97.08218,"shift":0,"time":97.08218},{"$id":"508","type":0,"pos":2,"size":1,"_time":97.24611,"shift":0,"time":97.24611},{"$id":"509","type":0,"pos":-2,"size":1.3,"_time":97.41005,"shift":0,"time":97.41005},{"$id":"510","type":0,"pos":0.6,"size":0.8,"_time":97.41005,"shift":0,"time":97.41005},{"$id":"511","type":0,"pos":0.6,"size":0.8,"_time":97.65594,"shift":0,"time":97.65594},{"$id":"512","type":0,"pos":-0.6,"size":0.8,"_time":97.90185,"shift":0,"time":97.90185},{"$id":"513","type":0,"pos":2,"size":1,"_time":97.90185,"shift":0,"time":97.90185},{"$id":"514","type":0,"pos":-2,"size":1.3,"_time":98.06578,"shift":0,"time":98.06578},{"$id":"515","type":0,"pos":0.2,"size":0.8,"_time":98.06579,"shift":0,"time":98.06579},{"$id":"516","type":0,"pos":-0.6,"size":0.8,"_time":98.39365,"shift":0,"time":98.39365},{"$id":"517","type":0,"pos":2,"size":1,"_time":98.39366,"shift":0,"time":98.39366},{"$id":"518","type":0,"pos":2,"size":1,"_time":98.55759,"shift":0,"time":98.55759},{"$id":"519","type":0,"pos":-2,"size":1.3,"_time":98.72153,"shift":0,"time":98.72153},{"$id":"520","type":0,"pos":0.8,"size":0.8,"_time":98.72153,"shift":0,"time":98.72153},{"$id":"521","type":0,"pos":0.2,"size":0.8,"_time":98.96742,"shift":0,"time":98.96742},{"$id":"522","type":0,"pos":-1,"size":0.8,"_time":99.04939,"shift":0,"time":99.04939},{"$id":"523","type":0,"pos":2,"size":1,"_time":99.21333,"shift":0,"time":99.21333},{"$id":"524","type":0,"pos":-2,"size":1.3,"_time":99.37726,"shift":0,"time":99.37726},{"$id":"525","type":0,"pos":-0.4,"size":1,"_time":99.70512,"shift":0,"time":99.70512},{"$id":"526","type":0,"pos":-0.4,"size":1,"_time":99.86906,"shift":0,"time":99.86906},{"$id":"527","type":0,"pos":-0.4,"size":1,"_time":100.033,"shift":0,"time":100.033},{"$id":"528","type":0,"pos":2,"size":1.3,"_time":100.033,"shift":0,"time":100.033},{"$id":"529","type":0,"pos":-0.4,"size":1,"_time":100.1969,"shift":0,"time":100.1969},{"$id":"530","type":0,"pos":0.4,"size":1,"_time":100.3609,"shift":0,"time":100.3609},{"$id":"531","type":0,"pos":0.4,"size":1,"_time":100.5248,"shift":0,"time":100.5248},{"$id":"532","type":0,"pos":0.4,"size":1,"_time":100.6887,"shift":0,"time":100.6887},{"$id":"533","type":0,"pos":-2,"size":1.3,"_time":100.6887,"shift":0,"time":100.6887},{"$id":"534","type":0,"pos":0.4,"size":1,"_time":100.8527,"shift":0,"time":100.8527},{"$id":"535","type":0,"pos":-0.8,"size":1,"_time":101.0166,"shift":0,"time":101.0166},{"$id":"536","type":0,"pos":-0.8,"size":1,"_time":101.1805,"shift":0,"time":101.1805},{"$id":"537","type":0,"pos":1.490116E-09,"size":1,"_time":101.3445,"shift":0,"time":101.3445},{"$id":"538","type":0,"pos":2,"size":1.3,"_time":101.3445,"shift":0,"time":101.3445},{"$id":"539","type":0,"pos":-0.8,"size":1,"_time":101.5084,"shift":0,"time":101.5084},{"$id":"540","type":0,"pos":0.8,"size":1,"_time":101.6723,"shift":0,"time":101.6723},{"$id":"541","type":0,"pos":0.8,"size":1,"_time":101.8363,"shift":0,"time":101.8363},{"$id":"542","type":0,"pos":-2,"size":1.3,"_time":102.0002,"shift":0,"time":102.0002},{"$id":"543","type":0,"pos":1.490116E-09,"size":1,"_time":102.0002,"shift":0,"time":102.0002},{"$id":"544","type":0,"pos":0.8,"size":1,"_time":102.1641,"shift":0,"time":102.1641},{"$id":"545","type":0,"pos":-1.4,"size":1.3,"_time":102.3281,"shift":0,"time":102.3281},{"$id":"546","type":0,"pos":1.4,"size":1.3,"_time":102.3281,"shift":0,"time":102.3281},{"$id":"547","type":0,"pos":-0.6,"size":1.3,"_time":102.492,"shift":0,"time":102.492},{"$id":"548","type":0,"pos":0.6,"size":1.3,"_time":102.492,"shift":0,"time":102.492},{"$id":"549","type":0,"pos":-2,"size":1.3,"_time":102.656,"shift":0,"time":102.656},{"$id":"550","type":0,"pos":2,"size":1.3,"_time":102.656,"shift":0,"time":102.656},{"$id":"551","type":0,"pos":-1,"size":1.3,"_time":102.8199,"shift":0,"time":102.8199},{"$id":"552","type":0,"pos":1,"size":1.3,"_time":102.8199,"shift":0,"time":102.8199},{"$id":"553","type":0,"pos":1.490116E-09,"size":1.3,"_time":102.9838,"shift":0,"time":102.9838},{"$id":"554","type":0,"pos":-2,"size":1.3,"_time":103.0658,"shift":0,"time":103.0658},{"$id":"555","type":0,"pos":0.6,"size":1.3,"_time":103.1478,"shift":0,"time":103.1478},{"$id":"556","type":0,"pos":-1.4,"size":1.3,"_time":103.2297,"shift":0,"time":103.2297},{"$id":"557","type":0,"pos":1.2,"size":1.3,"_time":103.3117,"shift":0,"time":103.3117},{"$id":"558","type":0,"pos":-0.8,"size":1.3,"_time":103.3937,"shift":0,"time":103.3937},{"$id":"559","type":0,"pos":1.8,"size":1.3,"_time":103.4756,"shift":0,"time":103.4756},{"$id":"560","type":0,"pos":-0.2,"size":1.3,"_time":103.5576,"shift":0,"time":103.5576},{"$id":"561","type":0,"sounds":[{"w":0,"d":0,"p":84,"v":0}],"pos":1.2,"size":1.3,"_time":103.6396,"shift":0,"time":103.6396},{"$id":"562","type":0,"sounds":[{"w":0,"d":0,"p":84,"v":0}],"pos":0.6,"size":1,"_time":103.8035,"shift":0,"time":103.8035},{"$id":"563","type":0,"sounds":[{"w":0,"d":0,"p":84,"v":0}],"pos":-1.4,"size":1.3,"_time":103.9674,"shift":0,"time":103.9674},{"$id":"564","type":0,"sounds":[{"w":0,"d":0,"p":84,"v":0}],"pos":-0.8,"size":1,"_time":104.1314,"shift":0,"time":104.1314},{"$id":"565","type":0,"sounds":[{"w":0,"d":0,"p":84,"v":0}],"pos":0.4,"size":1.3,"_time":104.2953,"shift":0,"time":104.2953},{"$id":"566","type":0,"sounds":[{"w":0,"d":0,"p":84,"v":0}],"pos":1.6,"size":1,"_time":104.4592,"shift":0,"time":104.4592},{"$id":"567","type":0,"sounds":[{"w":0,"d":0,"p":84,"v":0}],"pos":-0.2,"size":1.3,"_time":104.6232,"shift":0,"time":104.6232},{"$id":"568","type":0,"sounds":[{"w":0,"d":0,"p":84,"v":0}],"pos":-1.4,"size":1,"_time":104.7871,"shift":0,"time":104.7871},{"$id":"569","type":0,"sounds":[{"w":0,"d":0,"p":84,"v":0}],"pos":-1,"size":1.3,"_time":104.951,"shift":0,"time":104.951},{"$id":"570","type":0,"sounds":[{"w":0,"d":0,"p":84,"v":0}],"pos":1.4,"size":1.3,"_time":104.951,"shift":0,"time":104.951},{"$id":"571","type":0,"sounds":[{"w":0,"d":0,"p":84,"v":0}],"pos":0.2,"size":1,"_time":105.115,"shift":0,"time":105.115},{"$id":"572","type":0,"sounds":[{"w":0,"d":0,"p":84,"v":0}],"pos":-1.4,"size":1,"_time":105.2789,"shift":0,"time":105.2789},{"$id":"573","type":0,"sounds":[{"w":0,"d":0,"p":84,"v":0}],"pos":1.490116E-09,"size":1,"_time":105.4428,"shift":0,"time":105.4428},{"$id":"574","type":0,"sounds":[{"w":0,"d":0,"p":84,"v":0}],"pos":0.8,"size":1.3,"_time":105.6068,"shift":0,"time":105.6068},{"$id":"575","type":0,"sounds":[{"w":0,"d":0,"p":84,"v":0}],"pos":-1.8,"size":1.3,"_time":105.6068,"shift":0,"time":105.6068},{"$id":"576","type":0,"sounds":[{"w":0,"d":0,"p":84,"v":0}],"pos":-0.6,"size":1,"_time":105.7707,"shift":0,"time":105.7707},{"$id":"577","type":0,"sounds":[{"w":0,"d":0,"p":84,"v":0}],"pos":1.6,"size":1,"_time":105.9346,"shift":0,"time":105.9346},{"$id":"578","type":0,"sounds":[{"w":0,"d":0,"p":84,"v":0}],"pos":-0.6,"size":1,"_time":106.0986,"shift":0,"time":106.0986},{"$id":"579","type":0,"sounds":[{"w":0,"d":0,"p":84,"v":0}],"pos":-1.4,"size":1.3,"_time":106.2625,"shift":0,"time":106.2625},{"$id":"580","type":0,"sounds":[{"w":0,"d":0,"p":84,"v":0}],"pos":0.8,"size":1.3,"_time":106.2625,"shift":0,"time":106.2625},{"$id":"581","type":0,"sounds":[{"w":0,"d":0,"p":84,"v":0}],"pos":1.490116E-09,"size":1,"_time":106.4264,"shift":0,"time":106.4264},{"$id":"582","type":0,"sounds":[{"w":0,"d":0,"p":84,"v":0}],"pos":1.2,"size":1,"_time":106.5904,"shift":0,"time":106.5904},{"$id":"583","type":0,"sounds":[{"w":0,"d":0,"p":84,"v":0}],"pos":-0.4,"size":1,"_time":106.7543,"shift":0,"time":106.7543},{"$id":"584","type":0,"sounds":[{"w":0,"d":0,"p":84,"v":0}],"pos":-1.4,"size":1.3,"_time":106.9182,"shift":0,"time":106.9182},{"$id":"585","type":0,"sounds":[{"w":0,"d":0,"p":84,"v":0}],"pos":0.6,"size":1.3,"_time":106.9182,"shift":0,"time":106.9182},{"$id":"586","type":0,"sounds":[{"w":0,"d":0,"p":84,"v":0}],"pos":1.4,"size":1,"_time":107.0822,"shift":0,"time":107.0822},{"$id":"587","type":0,"sounds":[{"w":0,"d":0,"p":84,"v":0}],"pos":-1.2,"size":1,"_time":107.2461,"shift":0,"time":107.2461},{"$id":"588","type":0,"sounds":[{"w":0,"d":0,"p":84,"v":0}],"pos":1.4,"size":1,"_time":107.41,"shift":0,"time":107.41},{"$id":"589","type":0,"sounds":[{"w":0,"d":0,"p":84,"v":0}],"pos":-0.4,"size":1.3,"_time":107.574,"shift":0,"time":107.574},{"$id":"590","type":0,"sounds":[{"w":0,"d":0,"p":84,"v":0}],"pos":2,"size":1.3,"_time":107.574,"shift":0,"time":107.574},{"$id":"591","type":0,"sounds":[{"w":0,"d":0,"p":84,"v":0}],"pos":0.6,"size":1,"_time":107.7379,"shift":0,"time":107.7379},{"$id":"592","type":0,"sounds":[{"w":0,"d":0,"p":84,"v":0}],"pos":-1.4,"size":1,"_time":107.9018,"shift":0,"time":107.9018},{"$id":"593","type":0,"sounds":[{"w":0,"d":0,"p":84,"v":0}],"pos":0.6,"size":1,"_time":108.0658,"shift":0,"time":108.0658},{"$id":"594","type":0,"sounds":[{"w":0,"d":0,"p":84,"v":0}],"pos":-0.2,"size":1.3,"_time":108.2297,"shift":0,"time":108.2297},{"$id":"595","type":0,"sounds":[{"w":0,"d":0,"p":84,"v":0}],"pos":-1.8,"size":1.3,"_time":108.2297,"shift":0,"time":108.2297},{"$id":"596","type":0,"sounds":[{"w":0,"d":0,"p":84,"v":0}],"pos":-1,"size":1,"_time":108.3936,"shift":0,"time":108.3936},{"$id":"597","type":0,"sounds":[{"w":0,"d":0,"p":84,"v":0}],"pos":0.8,"size":1,"_time":108.5576,"shift":0,"time":108.5576},{"$id":"598","type":0,"sounds":[{"w":0,"d":0,"p":84,"v":0}],"pos":-0.2,"size":1,"_time":108.7215,"shift":0,"time":108.7215},{"$id":"599","type":0,"sounds":[{"w":0,"d":0,"p":84,"v":0}],"pos":-1.4,"size":1.3,"_time":108.8855,"shift":0,"time":108.8855},{"$id":"600","type":0,"sounds":[{"w":0,"d":0,"p":84,"v":0}],"pos":1,"size":1.3,"_time":108.8855,"shift":0,"time":108.8855},{"$id":"601","type":0,"sounds":[{"w":0,"d":0,"p":84,"v":0}],"pos":-0.8,"size":1,"_time":109.0494,"shift":0,"time":109.0494},{"$id":"602","type":0,"sounds":[{"w":0,"d":0,"p":84,"v":0}],"pos":1.6,"size":1,"_time":109.2133,"shift":0,"time":109.2133},{"$id":"603","type":0,"sounds":[{"w":0,"d":0,"p":84,"v":0}],"pos":-1,"size":1,"_time":109.3773,"shift":0,"time":109.3773},{"$id":"604","type":0,"sounds":[{"w":0,"d":0,"p":84,"v":0}],"pos":-1.4,"size":1.3,"_time":109.5412,"shift":0,"time":109.5412},{"$id":"605","type":0,"sounds":[{"w":0,"d":0,"p":84,"v":0}],"pos":1,"size":1.3,"_time":109.5412,"shift":0,"time":109.5412},{"$id":"606","type":0,"sounds":[{"w":0,"d":0,"p":84,"v":0}],"pos":1.490116E-09,"size":1,"_time":109.7051,"shift":0,"time":109.7051},{"$id":"607","type":0,"sounds":[{"w":0,"d":0,"p":84,"v":0}],"pos":-0.8,"size":1,"_time":109.8691,"shift":0,"time":109.8691},{"$id":"608","type":0,"sounds":[{"w":0,"d":0,"p":84,"v":0}],"pos":1,"size":1,"_time":110.033,"shift":0,"time":110.033},{"$id":"609","type":0,"sounds":[{"w":0,"d":0,"p":84,"v":0}],"pos":-2,"size":1.3,"_time":110.1969,"shift":0,"time":110.1969},{"$id":"610","type":0,"sounds":[{"w":0,"d":0,"p":84,"v":0}],"pos":-0.4,"size":1.3,"_time":110.1969,"shift":0,"time":110.1969},{"$id":"611","type":0,"sounds":[{"w":0,"d":0,"p":84,"v":0}],"pos":1,"size":1,"_time":110.3609,"shift":0,"time":110.3609},{"$id":"612","type":0,"sounds":[{"w":0,"d":0,"p":84,"v":0}],"pos":-0.8,"size":1,"_time":110.5248,"shift":0,"time":110.5248},{"$id":"613","type":0,"sounds":[{"w":0,"d":0,"p":84,"v":0}],"pos":0.6,"size":1,"_time":110.6887,"shift":0,"time":110.6887},{"$id":"614","type":0,"sounds":[{"w":0,"d":0,"p":84,"v":0}],"pos":-0.2,"size":1.3,"_time":110.8527,"shift":0,"time":110.8527},{"$id":"615","type":0,"sounds":[{"w":0,"d":0,"p":84,"v":0}],"pos":1.8,"size":1.3,"_time":110.8527,"shift":0,"time":110.8527},{"$id":"616","type":0,"sounds":[{"w":0,"d":0,"p":84,"v":0}],"pos":-1.4,"size":1,"_time":111.0166,"shift":0,"time":111.0166},{"$id":"617","type":0,"sounds":[{"w":0,"d":0,"p":84,"v":0}],"pos":0.6,"size":1,"_time":111.1805,"shift":0,"time":111.1805},{"$id":"618","type":0,"sounds":[{"w":0,"d":0,"p":84,"v":0}],"pos":-1,"size":1,"_time":111.3445,"shift":0,"time":111.3445},{"$id":"619","type":0,"sounds":[{"w":0,"d":0,"p":84,"v":0}],"pos":-0.4,"size":1.3,"_time":111.5084,"shift":0,"time":111.5084},{"$id":"620","type":0,"sounds":[{"w":0,"d":0,"p":84,"v":0}],"pos":1.2,"size":1.3,"_time":111.5084,"shift":0,"time":111.5084},{"$id":"621","type":0,"sounds":[{"w":0,"d":0,"p":84,"v":0}],"pos":0.6,"size":1,"_time":111.6723,"shift":0,"time":111.6723},{"$id":"622","type":0,"sounds":[{"w":0,"d":0,"p":84,"v":0}],"pos":-1.8,"size":1,"_time":111.8363,"shift":0,"time":111.8363},{"$id":"623","type":0,"sounds":[{"w":0,"d":0,"p":84,"v":0}],"pos":-0.2,"size":1,"_time":112.0002,"shift":0,"time":112.0002},{"$id":"624","type":0,"sounds":[{"w":0,"d":0,"p":84,"v":0}],"pos":0.4,"size":1.3,"_time":112.1641,"shift":0,"time":112.1641},{"$id":"625","type":0,"sounds":[{"w":0,"d":0,"p":84,"v":0}],"pos":-1.2,"size":1.3,"_time":112.1642,"shift":0,"time":112.1642},{"$id":"626","type":0,"sounds":[{"w":0,"d":0,"p":84,"v":0}],"pos":-0.6,"size":1,"_time":112.3281,"shift":0,"time":112.3281},{"$id":"627","type":0,"sounds":[{"w":0,"d":0,"p":84,"v":0}],"pos":1.6,"size":1,"_time":112.492,"shift":0,"time":112.492},{"$id":"628","type":0,"sounds":[{"w":0,"d":0,"p":84,"v":0}],"pos":1.490116E-09,"size":1,"_time":112.6559,"shift":0,"time":112.6559},{"$id":"629","type":0,"sounds":[{"w":0,"d":0,"p":84,"v":0}],"pos":-2,"size":1.3,"_time":112.8199,"shift":0,"time":112.8199},{"$id":"630","type":0,"sounds":[{"w":0,"d":0,"p":84,"v":0}],"pos":2,"size":1.3,"_time":112.8199,"shift":0,"time":112.8199},{"$id":"631","type":0,"sounds":[{"w":0,"d":0,"p":84,"v":0}],"pos":1,"size":1,"_time":112.9838,"shift":0,"time":112.9838},{"$id":"632","type":0,"sounds":[{"w":0,"d":0,"p":84,"v":0}],"pos":-0.4,"size":1,"_time":113.1478,"shift":0,"time":113.1478},{"$id":"633","type":0,"sounds":[{"w":0,"d":0,"p":84,"v":0}],"pos":1,"size":1,"_time":113.3117,"shift":0,"time":113.3117},{"$id":"634","type":0,"sounds":[{"w":0,"d":0,"p":84,"v":0}],"pos":-0.4,"size":1.3,"_time":113.4756,"shift":0,"time":113.4756},{"$id":"635","type":0,"sounds":[{"w":0,"d":0,"p":84,"v":0}],"pos":2,"size":1.3,"_time":113.4756,"shift":0,"time":113.4756},{"$id":"636","type":0,"sounds":[{"w":0,"d":0,"p":84,"v":0}],"pos":-1.2,"size":1,"_time":113.6396,"shift":0,"time":113.6396},{"$id":"637","type":0,"sounds":[{"w":0,"d":0,"p":84,"v":0}],"pos":1,"size":1,"_time":113.8035,"shift":0,"time":113.8035},{"$id":"638","type":0,"sounds":[{"w":0,"d":0,"p":84,"v":0}],"pos":-1,"size":1,"_time":113.9674,"shift":0,"time":113.9674},{"$id":"639","type":0,"sounds":[{"w":0,"d":0,"p":84,"v":0}],"pos":-2,"size":1.3,"_time":114.1313,"shift":0,"time":114.1313},{"$id":"640","type":0,"sounds":[{"w":0,"d":0,"p":84,"v":0}],"pos":0.6,"size":1.3,"_time":114.1313,"shift":0,"time":114.1313},{"$id":"641","type":0,"sounds":[{"w":0,"d":0,"p":84,"v":0}],"pos":1.4,"size":1,"_time":114.2953,"shift":0,"time":114.2953},{"$id":"642","type":0,"sounds":[{"w":0,"d":0,"p":84,"v":0}],"pos":-0.6,"size":1,"_time":114.4592,"shift":0,"time":114.4592},{"$id":"643","type":0,"sounds":[{"w":0,"d":0,"p":84,"v":0}],"pos":1,"size":1,"_time":114.6232,"shift":0,"time":114.6232},{"$id":"644","type":0,"sounds":[{"w":0,"d":0,"p":84,"v":0}],"pos":-2,"size":1.3,"_time":114.7871,"shift":0,"time":114.7871},{"$id":"645","type":0,"sounds":[{"w":0,"d":0,"p":84,"v":0}],"pos":2,"size":1.3,"_time":114.7871,"shift":0,"time":114.7871},{"$id":"646","type":0,"sounds":[{"w":0,"d":0,"p":84,"v":0}],"pos":-0.8,"size":1,"_time":114.951,"shift":0,"time":114.951},{"$id":"647","type":0,"sounds":[{"w":0,"d":0,"p":84,"v":0}],"pos":0.6,"size":1,"_time":115.115,"shift":0,"time":115.115},{"$id":"648","type":0,"sounds":[{"w":0,"d":0,"p":84,"v":0}],"pos":-0.6,"size":1,"_time":115.2789,"shift":0,"time":115.2789},{"$id":"649","type":0,"sounds":[{"w":0,"d":0,"p":84,"v":0}],"pos":-1.2,"size":1.3,"_time":115.4428,"shift":0,"time":115.4428},{"$id":"650","type":0,"sounds":[{"w":0,"d":0,"p":84,"v":0}],"pos":2,"size":1.3,"_time":115.4428,"shift":0,"time":115.4428},{"$id":"651","type":0,"sounds":[{"w":0,"d":0,"p":84,"v":0}],"pos":1,"size":1,"_time":115.6068,"shift":0,"time":115.6068},{"$id":"652","type":0,"sounds":[{"w":0,"d":0,"p":84,"v":0}],"pos":0.2,"size":1,"_time":115.7707,"shift":0,"time":115.7707},{"$id":"653","type":0,"sounds":[{"w":0,"d":0,"p":84,"v":0}],"pos":-0.8,"size":1,"_time":115.9346,"shift":0,"time":115.9346},{"$id":"654","type":0,"sounds":[{"w":0,"d":0,"p":84,"v":0}],"pos":-2,"size":1.3,"_time":116.0986,"shift":0,"time":116.0986},{"$id":"655","type":0,"sounds":[{"w":0,"d":0,"p":84,"v":0}],"pos":0.8,"size":1.3,"_time":116.0986,"shift":0,"time":116.0986},{"$id":"656","type":0,"sounds":[{"w":0,"d":0,"p":84,"v":0}],"pos":-0.8,"size":1,"_time":116.2625,"shift":0,"time":116.2625},{"$id":"657","type":0,"sounds":[{"w":0,"d":0,"p":84,"v":0}],"pos":1.2,"size":1,"_time":116.4264,"shift":0,"time":116.4264},{"$id":"658","type":0,"sounds":[{"w":0,"d":0,"p":84,"v":0}],"pos":0.2,"size":1,"_time":116.5904,"shift":0,"time":116.5904},{"$id":"659","type":0,"sounds":[{"w":0,"d":0,"p":84,"v":0}],"pos":-1,"size":1.3,"_time":116.7543,"shift":0,"time":116.7543},{"$id":"660","type":0,"sounds":[{"w":0,"d":0,"p":84,"v":0}],"pos":1.8,"size":1.3,"_time":116.7543,"shift":0,"time":116.7543},{"$id":"661","type":0,"sounds":[{"w":0,"d":0,"p":84,"v":0}],"pos":-1.8,"size":1,"_time":116.9182,"shift":0,"time":116.9182},{"$id":"662","type":0,"sounds":[{"w":0,"d":0,"p":84,"v":0}],"pos":-0.4,"size":1,"_time":117.0822,"shift":0,"time":117.0822},{"$id":"663","type":0,"sounds":[{"w":0,"d":0,"p":84,"v":0}],"pos":0.4,"size":1,"_time":117.2461,"shift":0,"time":117.2461},{"$id":"664","type":0,"sounds":[{"w":0,"d":0,"p":84,"v":0}],"pos":-1.2,"size":1.3,"_time":117.41,"shift":0,"time":117.41},{"$id":"665","type":0,"sounds":[{"w":0,"d":0,"p":84,"v":0}],"pos":1.8,"size":1.3,"_time":117.41,"shift":0,"time":117.41},{"$id":"666","type":0,"sounds":[{"w":0,"d":0,"p":84,"v":0}],"pos":-0.2,"size":1,"_time":117.574,"shift":0,"time":117.574},{"$id":"667","type":0,"sounds":[{"w":0,"d":0,"p":84,"v":0}],"pos":-1.6,"size":1,"_time":117.7379,"shift":0,"time":117.7379},{"$id":"668","type":0,"sounds":[{"w":0,"d":0,"p":84,"v":0}],"pos":0.4,"size":1,"_time":117.9018,"shift":0,"time":117.9018},{"$id":"669","type":0,"sounds":[{"w":0,"d":0,"p":84,"v":0}],"pos":-0.6,"size":1.3,"_time":118.0658,"shift":0,"time":118.0658},{"$id":"670","type":0,"sounds":[{"w":0,"d":0,"p":84,"v":0}],"pos":1.6,"size":1.3,"_time":118.0658,"shift":0,"time":118.0658},{"$id":"671","type":0,"sounds":[{"w":0,"d":0,"p":84,"v":0}],"pos":-1.4,"size":1,"_time":118.2297,"shift":0,"time":118.2297},{"$id":"672","type":0,"sounds":[{"w":0,"d":0,"p":84,"v":0}],"pos":1.2,"size":1,"_time":118.3937,"shift":0,"time":118.3937},{"$id":"673","type":0,"sounds":[{"w":0,"d":0,"p":84,"v":0}],"pos":1.490116E-09,"size":1,"_time":118.5576,"shift":0,"time":118.5576},{"$id":"674","type":0,"sounds":[{"w":0,"d":0,"p":84,"v":0}],"pos":1.2,"size":1.3,"_time":118.7215,"shift":0,"time":118.7215},{"$id":"675","type":0,"sounds":[{"w":0,"d":0,"p":84,"v":0}],"pos":-1,"size":1.3,"_time":118.7215,"shift":0,"time":118.7215},{"$id":"676","type":0,"sounds":[{"w":0,"d":0,"p":84,"v":0}],"pos":-0.4,"size":1,"_time":118.8855,"shift":0,"time":118.8855},{"$id":"677","type":0,"sounds":[{"w":0,"d":0,"p":84,"v":0}],"pos":0.6,"size":1,"_time":119.0494,"shift":0,"time":119.0494},{"$id":"678","type":0,"sounds":[{"w":0,"d":0,"p":84,"v":0}],"pos":-1.4,"size":1,"_time":119.2133,"shift":0,"time":119.2133},{"$id":"679","type":0,"sounds":[{"w":0,"d":0,"p":84,"v":0}],"pos":-0.8,"size":1.3,"_time":119.3773,"shift":0,"time":119.3773},{"$id":"680","type":0,"sounds":[{"w":0,"d":0,"p":84,"v":0}],"pos":2,"size":1.3,"_time":119.3773,"shift":0,"time":119.3773},{"$id":"681","type":0,"sounds":[{"w":0,"d":0,"p":84,"v":0}],"pos":1.2,"size":1,"_time":119.5412,"shift":0,"time":119.5412},{"$id":"682","type":0,"sounds":[{"w":0,"d":0,"p":84,"v":0}],"pos":-1.4,"size":1,"_time":119.7051,"shift":0,"time":119.7051},{"$id":"683","type":0,"sounds":[{"w":0,"d":0,"p":84,"v":0}],"pos":-0.6,"size":1,"_time":119.8691,"shift":0,"time":119.8691},{"$id":"684","type":0,"sounds":[{"w":0,"d":0,"p":84,"v":0}],"pos":-2,"size":1.3,"_time":120.033,"shift":0,"time":120.033},{"$id":"685","type":0,"sounds":[{"w":0,"d":0,"p":84,"v":0}],"pos":-0.4,"size":1.3,"_time":120.033,"shift":0,"time":120.033},{"$id":"686","type":0,"sounds":[{"w":0,"d":0,"p":84,"v":0}],"pos":-1,"size":1,"_time":120.1969,"shift":0,"time":120.1969},{"$id":"687","type":0,"sounds":[{"w":0,"d":0,"p":84,"v":0}],"pos":1.490116E-09,"size":1,"_time":120.3609,"shift":0,"time":120.3609},{"$id":"688","type":0,"sounds":[{"w":0,"d":0,"p":84,"v":0}],"pos":-0.2,"size":1,"_time":120.5248,"shift":0,"time":120.5248},{"$id":"689","type":0,"sounds":[{"w":0,"d":0,"p":84,"v":0}],"pos":-1,"size":1.3,"_time":120.6887,"shift":0,"time":120.6887},{"$id":"690","type":0,"sounds":[{"w":0,"d":0,"p":84,"v":0}],"pos":1.6,"size":1.3,"_time":120.6887,"shift":0,"time":120.6887},{"$id":"691","type":0,"sounds":[{"w":0,"d":0,"p":84,"v":0}],"pos":0.2,"size":1,"_time":120.8527,"shift":0,"time":120.8527},{"$id":"692","type":0,"sounds":[{"w":0,"d":0,"p":84,"v":0}],"pos":-2,"size":1,"_time":121.0166,"shift":0,"time":121.0166},{"$id":"693","type":0,"sounds":[{"w":0,"d":0,"p":84,"v":0}],"pos":-1.6,"size":1,"_time":121.1805,"shift":0,"time":121.1805},{"$id":"694","type":0,"sounds":[{"w":0,"d":0,"p":84,"v":0}],"pos":1.6,"size":1.3,"_time":121.3445,"shift":0,"time":121.3445},{"$id":"695","type":0,"sounds":[{"w":0,"d":0,"p":84,"v":0}],"pos":-0.6,"size":1.3,"_time":121.3445,"shift":0,"time":121.3445},{"$id":"696","type":0,"sounds":[{"w":0,"d":0,"p":84,"v":0}],"pos":-1.6,"size":1,"_time":121.5084,"shift":0,"time":121.5084},{"$id":"697","type":0,"sounds":[{"w":0,"d":0,"p":84,"v":0}],"pos":1.2,"size":1,"_time":121.6723,"shift":0,"time":121.6723},{"$id":"698","type":0,"sounds":[{"w":0,"d":0,"p":84,"v":0}],"pos":0.6,"size":1,"_time":121.8363,"shift":0,"time":121.8363},{"$id":"699","type":0,"sounds":[{"w":0,"d":0,"p":84,"v":0}],"pos":-2,"size":1.3,"_time":122.0002,"shift":0,"time":122.0002},{"$id":"700","type":0,"sounds":[{"w":0,"d":0,"p":84,"v":0}],"pos":1.490116E-09,"size":1.3,"_time":122.0002,"shift":0,"time":122.0002},{"$id":"701","type":0,"sounds":[{"w":0,"d":0,"p":84,"v":0}],"pos":-1,"size":1,"_time":122.1641,"shift":0,"time":122.1641},{"$id":"702","type":0,"sounds":[{"w":0,"d":0,"p":84,"v":0}],"pos":0.2,"size":1,"_time":122.3281,"shift":0,"time":122.3281},{"$id":"703","type":0,"sounds":[{"w":0,"d":0,"p":84,"v":0}],"pos":1.2,"size":1,"_time":122.492,"shift":0,"time":122.492},{"$id":"704","type":0,"sounds":[{"w":0,"d":0,"p":84,"v":0}],"pos":-0.6,"size":1.3,"_time":122.6559,"shift":0,"time":122.6559},{"$id":"705","type":0,"sounds":[{"w":0,"d":0,"p":84,"v":0}],"pos":1,"size":1.3,"_time":122.6559,"shift":0,"time":122.6559},{"$id":"706","type":0,"sounds":[{"w":0,"d":0,"p":84,"v":0}],"pos":0.2,"size":1,"_time":122.8199,"shift":0,"time":122.8199},{"$id":"707","type":0,"sounds":[{"w":0,"d":0,"p":84,"v":0}],"pos":-1.8,"size":1,"_time":122.9838,"shift":0,"time":122.9838},{"$id":"708","type":0,"sounds":[{"w":0,"d":0,"p":84,"v":0}],"pos":-0.6,"size":1,"_time":123.1478,"shift":0,"time":123.1478},{"$id":"709","type":0,"sounds":[{"w":0,"d":0,"p":84,"v":0}],"pos":-0.8,"size":1.3,"_time":123.3117,"shift":0,"time":123.3117},{"$id":"710","type":0,"sounds":[{"w":0,"d":0,"p":84,"v":0}],"pos":2,"size":1.3,"_time":123.3117,"shift":0,"time":123.3117},{"$id":"711","type":0,"sounds":[{"w":0,"d":0,"p":84,"v":0}],"pos":1,"size":1,"_time":123.4756,"shift":0,"time":123.4756},{"$id":"712","type":0,"sounds":[{"w":0,"d":0,"p":84,"v":0}],"pos":-0.2,"size":1,"_time":123.6396,"shift":0,"time":123.6396},{"$id":"713","type":0,"sounds":[{"w":0,"d":0,"p":84,"v":0}],"pos":-1.2,"size":1,"_time":123.8035,"shift":0,"time":123.8035},{"$id":"714","type":0,"sounds":[{"w":0,"d":0,"p":84,"v":0}],"pos":-2,"size":1.3,"_time":123.9674,"shift":0,"time":123.9674},{"$id":"715","type":0,"sounds":[{"w":0,"d":0,"p":84,"v":0}],"pos":1.2,"size":1.3,"_time":123.9674,"shift":0,"time":123.9674},{"$id":"716","type":0,"sounds":[{"w":0,"d":0,"p":84,"v":0}],"pos":0.4,"size":1,"_time":124.1314,"shift":0,"time":124.1314},{"$id":"717","type":0,"sounds":[{"w":0,"d":0,"p":84,"v":0}],"pos":-0.2,"size":1,"_time":124.2953,"shift":0,"time":124.2953},{"$id":"718","type":0,"sounds":[{"w":0,"d":0,"p":84,"v":0}],"pos":-0.8,"size":1,"_time":124.4592,"shift":0,"time":124.4592},{"$id":"719","type":0,"sounds":[{"w":0,"d":0,"p":84,"v":0}],"pos":0.8,"size":1.3,"_time":124.6232,"shift":0,"time":124.6232},{"$id":"720","type":0,"sounds":[{"w":0,"d":0,"p":84,"v":0}],"pos":-1.4,"size":1.3,"_time":124.6232,"shift":0,"time":124.6232},{"$id":"721","type":0,"sounds":[{"w":0,"d":0,"p":84,"v":0}],"pos":-0.6,"size":1,"_time":124.7871,"shift":0,"time":124.7871},{"$id":"722","type":0,"sounds":[{"w":0,"d":0,"p":84,"v":0}],"pos":0.4,"size":1,"_time":124.951,"shift":0,"time":124.951},{"$id":"723","type":0,"sounds":[{"w":0,"d":0,"p":84,"v":0}],"pos":1.2,"size":1,"_time":125.115,"shift":0,"time":125.115},{"$id":"724","type":0,"sounds":[{"w":0,"d":0,"p":84,"v":0}],"pos":-1,"size":1.3,"_time":125.2789,"shift":0,"time":125.2789},{"$id":"725","type":0,"sounds":[{"w":0,"d":0,"p":84,"v":0}],"pos":0.8,"size":1,"_time":125.4428,"shift":0,"time":125.4428},{"$id":"726","type":0,"sounds":[{"w":0,"d":0,"p":84,"v":0}],"pos":-0.2,"size":1,"_time":125.6068,"shift":0,"time":125.6068},{"$id":"727","type":0,"sounds":[{"w":0,"d":0,"p":84,"v":0}],"pos":-1,"size":1,"_time":125.7707,"shift":0,"time":125.7707},{"$id":"728","type":0,"sounds":[{"w":0,"d":0,"p":84,"v":0}],"pos":1,"size":1.3,"_time":125.9346,"shift":0,"time":125.9346},{"$id":"729","type":0,"sounds":[{"w":0,"d":0,"p":84,"v":0}],"pos":1.490116E-09,"size":1.2,"_time":126.0986,"shift":0,"time":126.0986},{"$id":"730","type":0,"sounds":[{"w":0,"d":0,"p":84,"v":0}],"pos":-1,"size":1,"_time":126.2625,"shift":0,"time":126.2625},{"$id":"731","type":0,"sounds":[{"w":0,"d":0,"p":84,"v":0}],"pos":1,"size":1.3,"_time":126.4264,"shift":0,"time":126.4264},{"$id":"732","type":0,"sounds":[{"w":0,"d":0,"p":84,"v":0}],"pos":1.490116E-09,"size":1.2,"_time":126.5904,"shift":0,"time":126.5904},{"$id":"733","type":0,"sounds":[{"w":0,"d":0,"p":84,"v":0}],"pos":-1,"size":1,"_time":126.7543,"shift":0,"time":126.7543},{"$id":"734","type":0,"sounds":[{"w":0,"d":0,"p":84,"v":0}],"pos":1.6,"size":1.1,"_time":126.9182,"shift":0,"time":126.9182},{"$id":"735","type":0,"sounds":[{"w":0,"d":0,"p":84,"v":0}],"pos":0.4,"size":0.8,"_time":127.0002,"shift":0,"time":127.0002},{"$id":"736","type":0,"sounds":[{"w":0,"d":0,"p":84,"v":0}],"pos":1.2,"size":1.1,"_time":127.0822,"shift":0,"time":127.0822},{"$id":"737","type":0,"sounds":[{"w":0,"d":0,"p":84,"v":0}],"pos":-0.2,"size":0.8,"_time":127.1641,"shift":0,"time":127.1641},{"$id":"738","type":0,"sounds":[{"w":0,"d":0,"p":84,"v":0}],"pos":1.6,"size":1.2,"_time":127.2461,"shift":0,"time":127.2461},{"$id":"739","type":0,"sounds":[{"w":0,"d":0,"p":84,"v":0}],"pos":1.2,"size":1.2,"_time":127.41,"shift":0,"time":127.41},{"$id":"740","type":0,"sounds":[{"w":0,"d":0,"p":84,"v":0}],"pos":0.8,"size":1.2,"_time":127.574,"shift":0,"time":127.574},{"$id":"741","type":0,"sounds":[{"w":0,"d":0,"p":84,"v":0}],"pos":0.4,"size":1.2,"_time":127.7379,"shift":0,"time":127.7379},{"$id":"742","type":0,"sounds":[{"w":0,"d":0,"p":84,"v":0}],"pos":1.490116E-09,"size":1.2,"_time":127.9018,"shift":0,"time":127.9018},{"$id":"743","type":0,"sounds":[{"w":0,"d":0,"p":84,"v":0}],"pos":-1,"size":1.2,"_time":128.2297,"shift":0,"time":128.2297},{"$id":"744","type":0,"sounds":[{"w":0,"d":0,"p":84,"v":0}],"pos":-2,"size":1.3,"_time":128.5576,"shift":0,"time":128.5576},{"$id":"745","type":0,"sounds":[{"w":0,"d":0,"p":84,"v":0}],"pos":0.6,"size":1,"_time":128.7215,"shift":0,"time":128.7215},{"$id":"746","type":0,"sounds":[{"w":0,"d":0,"p":84,"v":0}],"pos":-0.6,"size":1.3,"_time":128.8855,"shift":0,"time":128.8855},{"$id":"747","type":0,"sounds":[{"w":0,"d":0,"p":84,"v":0}],"pos":1.4,"size":1,"_time":129.0494,"shift":0,"time":129.0494},{"$id":"748","type":0,"sounds":[{"w":0,"d":0,"p":84,"v":0}],"pos":-2,"size":1.3,"_time":129.2133,"shift":0,"time":129.2133},{"$id":"749","type":0,"sounds":[{"w":0,"d":0,"p":84,"v":0}],"pos":0.4,"size":1,"_time":129.3773,"shift":0,"time":129.3773},{"$id":"750","type":0,"sounds":[{"w":0,"d":0,"p":84,"v":0}],"pos":-0.6,"size":1.3,"_time":129.5412,"shift":0,"time":129.5412},{"$id":"751","type":0,"sounds":[{"w":0,"d":0,"p":84,"v":0}],"pos":1.4,"size":1,"_time":129.7051,"shift":0,"time":129.7051},{"$id":"752","type":0,"sounds":[{"w":0,"d":0,"p":84,"v":0}],"pos":-2,"size":1.3,"_time":129.8691,"shift":0,"time":129.8691},{"$id":"753","type":0,"sounds":[{"w":0,"d":0,"p":84,"v":0}],"pos":0.2,"size":1,"_time":130.033,"shift":0,"time":130.033},{"$id":"754","type":0,"sounds":[{"w":0,"d":0,"p":84,"v":0}],"pos":-0.6,"size":1.3,"_time":130.1969,"shift":0,"time":130.1969},{"$id":"755","type":0,"sounds":[{"w":0,"d":0,"p":84,"v":0}],"pos":1,"size":1,"_time":130.3609,"shift":0,"time":130.3609},{"$id":"756","type":0,"sounds":[{"w":0,"d":0,"p":84,"v":0}],"pos":-2,"size":1.3,"_time":130.5248,"shift":0,"time":130.5248},{"$id":"757","type":0,"sounds":[{"w":0,"d":0,"p":84,"v":0}],"pos":0.6,"size":1,"_time":130.6887,"shift":0,"time":130.6887},{"$id":"758","type":0,"sounds":[{"w":0,"d":0,"p":84,"v":0}],"pos":-0.4,"size":1.3,"_time":130.8527,"shift":0,"time":130.8527},{"$id":"759","type":0,"sounds":[{"w":0,"d":0,"p":84,"v":0}],"pos":0.6,"size":1.2,"_time":131.3445,"shift":0,"time":131.3445},{"$id":"760","type":0,"sounds":[{"w":0,"d":0,"p":84,"v":0}],"pos":-0.8,"size":0.9,"_time":131.4264,"shift":0,"time":131.4264},{"$id":"761","type":0,"sounds":[{"w":0,"d":0,"p":84,"v":0}],"pos":0.2,"size":1.2,"_time":131.5084,"shift":0,"time":131.5084},{"$id":"762","type":0,"sounds":[{"w":0,"d":0,"p":84,"v":0}],"pos":-0.8,"size":0.9,"_time":131.5904,"shift":0,"time":131.5904},{"$id":"763","type":0,"sounds":[{"w":0,"d":0,"p":84,"v":0}],"pos":1,"size":1.2,"_time":131.6723,"shift":0,"time":131.6723},{"$id":"764","type":0,"sounds":[{"w":0,"d":0,"p":84,"v":0}],"pos":-1.6,"size":1.2,"_time":131.8363,"shift":0,"time":131.8363},{"$id":"765","type":0,"sounds":[{"w":0,"d":0,"p":84,"v":0}],"pos":-0.2,"size":1,"_time":132.0002,"shift":0,"time":132.0002},{"$id":"766","type":0,"sounds":[{"w":0,"d":0,"p":84,"v":0}],"pos":1.4,"size":1.1,"_time":132.1642,"shift":0,"time":132.1642},{"$id":"767","type":0,"sounds":[{"w":0,"d":0,"p":84,"v":0}],"pos":0.2,"size":0.8,"_time":132.2461,"shift":0,"time":132.2461},{"$id":"768","type":0,"sounds":[{"w":0,"d":0,"p":84,"v":0}],"pos":0.8,"size":1.1,"_time":132.3281,"shift":0,"time":132.3281},{"$id":"769","type":0,"sounds":[{"w":0,"d":0,"p":84,"v":0}],"pos":-0.4,"size":0.8,"_time":132.41,"shift":0,"time":132.41},{"$id":"770","type":0,"sounds":[{"w":0,"d":0,"p":84,"v":0}],"pos":0.4,"size":1.1,"_time":132.492,"shift":0,"time":132.492},{"$id":"771","type":0,"sounds":[{"w":0,"d":0,"p":84,"v":0}],"pos":1,"size":1.3,"_time":132.6559,"shift":0,"time":132.6559},{"$id":"772","type":0,"sounds":[{"w":0,"d":0,"p":84,"v":0}],"pos":-1,"size":1.1,"_time":132.8199,"shift":0,"time":132.8199},{"$id":"773","type":0,"sounds":[{"w":0,"d":0,"p":84,"v":0}],"pos":-0.4,"size":1.3,"_time":132.9838,"shift":0,"time":132.9838},{"$id":"774","type":0,"sounds":[{"w":0,"d":0,"p":84,"v":0}],"pos":1.4,"size":1.1,"_time":133.1478,"shift":0,"time":133.1478},{"$id":"775","type":0,"sounds":[{"w":0,"d":0,"p":84,"v":0}],"pos":0.6,"size":1.3,"_time":133.3117,"shift":0,"time":133.3117},{"$id":"776","type":0,"sounds":[{"w":0,"d":0,"p":84,"v":0}],"pos":-1.2,"size":1,"_time":133.4756,"shift":0,"time":133.4756},{"$id":"777","type":0,"sounds":[{"w":0,"d":0,"p":84,"v":0}],"pos":-0.4,"size":0.8,"_time":133.5303,"shift":0,"time":133.5303},{"$id":"778","type":0,"sounds":[{"w":0,"d":0,"p":84,"v":0}],"pos":-1.2,"size":0.8,"_time":133.5849,"shift":0,"time":133.5849},{"$id":"779","type":0,"sounds":[{"w":0,"d":0,"p":84,"v":0}],"pos":-0.6,"size":0.8,"_time":133.6396,"shift":0,"time":133.6396},{"$id":"780","type":0,"sounds":[{"w":0,"d":0,"p":84,"v":0}],"pos":-1.2,"size":0.8,"_time":133.6942,"shift":0,"time":133.6942},{"$id":"781","type":0,"sounds":[{"w":0,"d":0,"p":84,"v":0}],"pos":-0.4,"size":0.8,"_time":133.7489,"shift":0,"time":133.7489},{"$id":"782","type":0,"sounds":[{"w":0,"d":0,"p":84,"v":0}],"pos":1.6,"size":1.2,"_time":133.8035,"shift":0,"time":133.8035},{"$id":"783","type":0,"sounds":[{"w":0,"d":0,"p":84,"v":0}],"pos":1,"size":1.1,"_time":133.8855,"shift":0,"time":133.8855},{"$id":"784","type":0,"sounds":[{"w":0,"d":0,"p":84,"v":0}],"pos":0.2,"size":1,"_time":133.9674,"shift":0,"time":133.9674},{"$id":"785","type":0,"sounds":[{"w":0,"d":0,"p":84,"v":0}],"pos":1,"size":1.2,"_time":134.1313,"shift":0,"time":134.1313},{"$id":"786","type":0,"sounds":[{"w":0,"d":0,"p":84,"v":0}],"pos":0.2,"size":1.1,"_time":134.2133,"shift":0,"time":134.2133},{"$id":"787","type":0,"sounds":[{"w":0,"d":0,"p":84,"v":0}],"pos":-0.8,"size":1,"_time":134.2953,"shift":0,"time":134.2953},{"$id":"788","type":0,"sounds":[{"w":0,"d":0,"p":84,"v":0}],"pos":1.2,"size":1.2,"_time":134.4592,"shift":0,"time":134.4592},{"$id":"789","type":0,"sounds":[{"w":0,"d":0,"p":84,"v":0}],"pos":0.4,"size":1.1,"_time":134.5412,"shift":0,"time":134.5412},{"$id":"790","type":0,"sounds":[{"w":0,"d":0,"p":84,"v":0}],"pos":-0.2,"size":1,"_time":134.6232,"shift":0,"time":134.6232},{"$id":"791","type":0,"sounds":[{"w":0,"d":0,"p":84,"v":0}],"pos":0.6,"size":1.2,"_time":134.7871,"shift":0,"time":134.7871},{"$id":"792","type":0,"sounds":[{"w":0,"d":0,"p":84,"v":0}],"pos":1.490116E-09,"size":1.1,"_time":134.869,"shift":0,"time":134.869},{"$id":"793","type":0,"sounds":[{"w":0,"d":0,"p":84,"v":0}],"pos":-0.6,"size":1,"_time":134.951,"shift":0,"time":134.951},{"$id":"794","type":0,"sounds":[{"w":0,"d":0,"p":84,"v":0}],"pos":-1.8,"size":1.2,"_time":135.115,"shift":0,"time":135.115},{"$id":"795","type":0,"sounds":[{"w":0,"d":0,"p":84,"v":0}],"pos":-1,"size":1.2,"_time":135.1696,"shift":0,"time":135.1696},{"$id":"796","type":0,"sounds":[{"w":0,"d":0,"p":84,"v":0}],"pos":-0.2,"size":1.2,"_time":135.2243,"shift":0,"time":135.2243},{"$id":"797","type":0,"sounds":[{"w":0,"d":0,"p":84,"v":0}],"pos":0.6,"size":1.2,"_time":135.2789,"shift":0,"time":135.2789},{"$id":"798","type":0,"sounds":[{"w":0,"d":0,"p":84,"v":0}],"pos":-1,"size":1.2,"_time":135.4429,"shift":0,"time":135.4429},{"$id":"799","type":0,"sounds":[{"w":0,"d":0,"p":84,"v":0}],"pos":-0.2,"size":1.2,"_time":135.4975,"shift":0,"time":135.4975},{"$id":"800","type":0,"sounds":[{"w":0,"d":0,"p":84,"v":0}],"pos":0.6,"size":1.2,"_time":135.5521,"shift":0,"time":135.5521},{"$id":"801","type":0,"sounds":[{"w":0,"d":0,"p":84,"v":0}],"pos":1.4,"size":1.2,"_time":135.6068,"shift":0,"time":135.6068},{"$id":"802","type":0,"sounds":[{"w":0,"d":0,"p":84,"v":0}],"pos":-1.6,"size":1.4,"_time":135.7707,"shift":0,"time":135.7707},{"$id":"803","type":0,"sounds":[{"w":0,"d":0,"p":84,"v":0}],"pos":1.6,"size":1.4,"_time":135.7707,"shift":0,"time":135.7707},{"$id":"804","type":0,"sounds":[{"w":0,"d":0,"p":84,"v":0}],"pos":-1.6,"size":1.4,"_time":135.9346,"shift":0,"time":135.9346},{"$id":"805","type":0,"sounds":[{"w":0,"d":0,"p":84,"v":0}],"pos":1.2,"size":1.4,"_time":135.9346,"shift":0,"time":135.9346},{"$id":"806","type":0,"sounds":[{"w":0,"d":0,"p":84,"v":0}],"pos":-1.6,"size":1.4,"_time":136.0986,"shift":0,"time":136.0986},{"$id":"807","type":0,"sounds":[{"w":0,"d":0,"p":84,"v":0}],"pos":0.8,"size":1.4,"_time":136.0986,"shift":0,"time":136.0986},{"$id":"808","type":0,"sounds":[{"w":0,"d":0,"p":84,"v":0}],"pos":-1.6,"size":1.4,"_time":136.2625,"shift":0,"time":136.2625},{"$id":"809","type":0,"sounds":[{"w":0,"d":0,"p":84,"v":0}],"pos":0.4,"size":1.4,"_time":136.2625,"shift":0,"time":136.2625},{"$id":"810","type":0,"sounds":[{"w":0,"d":0,"p":84,"v":0}],"pos":1.6,"size":1.3,"_time":136.4264,"shift":0,"time":136.4264},{"$id":"811","type":0,"sounds":[{"w":0,"d":0,"p":84,"v":0}],"pos":0.4,"size":1.2,"_time":136.5904,"shift":0,"time":136.5904},{"$id":"812","type":0,"sounds":[{"w":0,"d":0,"p":84,"v":0}],"pos":-0.8,"size":1,"_time":136.7543,"shift":0,"time":136.7543},{"$id":"813","type":0,"sounds":[{"w":0,"d":0,"p":84,"v":0}],"pos":0.8,"size":1.3,"_time":136.9182,"shift":0,"time":136.9182},{"$id":"814","type":0,"sounds":[{"w":0,"d":0,"p":84,"v":0}],"pos":-0.6,"size":1.2,"_time":137.0822,"shift":0,"time":137.0822},{"$id":"815","type":0,"sounds":[{"w":0,"d":0,"p":84,"v":0}],"pos":-1.8,"size":1,"_time":137.2461,"shift":0,"time":137.2461},{"$id":"816","type":0,"sounds":[{"w":0,"d":0,"p":84,"v":0}],"pos":-0.6,"size":1.1,"_time":137.41,"shift":0,"time":137.41},{"$id":"817","type":0,"sounds":[{"w":0,"d":0,"p":84,"v":0}],"pos":0.2,"size":0.8,"_time":137.492,"shift":0,"time":137.492},{"$id":"818","type":0,"sounds":[{"w":0,"d":0,"p":84,"v":0}],"pos":-1.4,"size":1.1,"_time":137.574,"shift":0,"time":137.574},{"$id":"819","type":0,"sounds":[{"w":0,"d":0,"p":84,"v":0}],"pos":-0.4,"size":0.8,"_time":137.6559,"shift":0,"time":137.6559},{"$id":"820","type":0,"sounds":[{"w":0,"d":0,"p":84,"v":0}],"pos":-1.2,"size":1.2,"_time":137.7379,"shift":0,"time":137.7379},{"$id":"821","type":0,"sounds":[{"w":0,"d":0,"p":84,"v":0}],"pos":-0.6,"size":1.2,"_time":137.9018,"shift":0,"time":137.9018},{"$id":"822","type":0,"sounds":[{"w":0,"d":0,"p":84,"v":0}],"pos":1.490116E-09,"size":1.2,"_time":138.0658,"shift":0,"time":138.0658},{"$id":"823","type":0,"sounds":[{"w":0,"d":0,"p":84,"v":0}],"pos":0.6,"size":1.2,"_time":138.2297,"shift":0,"time":138.2297},{"$id":"824","type":0,"sounds":[{"w":0,"d":0,"p":84,"v":0}],"pos":1.4,"size":1.2,"_time":138.3937,"shift":0,"time":138.3937},{"$id":"825","type":0,"sounds":[{"w":0,"d":0,"p":84,"v":0}],"pos":-0.4,"size":1.2,"_time":138.7215,"shift":0,"time":138.7215},{"$id":"826","type":0,"sounds":[{"w":0,"d":0,"p":84,"v":0}],"pos":0.6,"size":1.3,"_time":139.0494,"shift":0,"time":139.0494},{"$id":"827","type":0,"sounds":[{"w":0,"d":0,"p":84,"v":0}],"pos":1.8,"size":1,"_time":139.2133,"shift":0,"time":139.2133},{"$id":"828","type":0,"sounds":[{"w":0,"d":0,"p":84,"v":0}],"pos":0.2,"size":1.3,"_time":139.3773,"shift":0,"time":139.3773},{"$id":"829","type":0,"sounds":[{"w":0,"d":0,"p":84,"v":0}],"pos":-0.8,"size":1,"_time":139.5412,"shift":0,"time":139.5412},{"$id":"830","type":0,"sounds":[{"w":0,"d":0,"p":84,"v":0}],"pos":1,"size":1.3,"_time":139.7051,"shift":0,"time":139.7051},{"$id":"831","type":0,"sounds":[{"w":0,"d":0,"p":84,"v":0}],"pos":1.6,"size":1,"_time":139.8691,"shift":0,"time":139.8691},{"$id":"832","type":0,"sounds":[{"w":0,"d":0,"p":84,"v":0}],"pos":0.2,"size":1.3,"_time":140.033,"shift":0,"time":140.033},{"$id":"833","type":0,"sounds":[{"w":0,"d":0,"p":84,"v":0}],"pos":-0.6,"size":1,"_time":140.1969,"shift":0,"time":140.1969},{"$id":"834","type":0,"sounds":[{"w":0,"d":0,"p":84,"v":0}],"pos":1.490116E-09,"size":1.3,"_time":140.3609,"shift":0,"time":140.3609},{"$id":"835","type":0,"sounds":[{"w":0,"d":0,"p":84,"v":0}],"pos":-1,"size":1,"_time":140.5248,"shift":0,"time":140.5248},{"$id":"836","type":0,"sounds":[{"w":0,"d":0,"p":84,"v":0}],"pos":0.6,"size":1.3,"_time":140.6887,"shift":0,"time":140.6887},{"$id":"837","type":0,"sounds":[{"w":0,"d":0,"p":84,"v":0}],"pos":-0.6,"size":1,"_time":140.8527,"shift":0,"time":140.8527},{"$id":"838","type":0,"sounds":[{"w":0,"d":0,"p":84,"v":0}],"pos":1.4,"size":1.3,"_time":141.0166,"shift":0,"time":141.0166},{"$id":"839","type":0,"sounds":[{"w":0,"d":0,"p":84,"v":0}],"pos":1.490116E-09,"size":1,"_time":141.1805,"shift":0,"time":141.1805},{"$id":"840","type":0,"sounds":[{"w":0,"d":0,"p":84,"v":0}],"pos":-1.8,"size":1.3,"_time":141.3445,"shift":0,"time":141.3445},{"$id":"841","type":0,"sounds":[{"w":0,"d":0,"p":84,"v":0}],"pos":0.6,"size":1.2,"_time":141.8363,"shift":0,"time":141.8363},{"$id":"842","type":0,"sounds":[{"w":0,"d":0,"p":84,"v":0}],"pos":1.6,"size":0.9,"_time":141.9182,"shift":0,"time":141.9182},{"$id":"843","type":0,"sounds":[{"w":0,"d":0,"p":84,"v":0}],"pos":1.490116E-09,"size":1.2,"_time":142.0002,"shift":0,"time":142.0002},{"$id":"844","type":0,"sounds":[{"w":0,"d":0,"p":84,"v":0}],"pos":0.8,"size":0.9,"_time":142.0822,"shift":0,"time":142.0822},{"$id":"845","type":0,"sounds":[{"w":0,"d":0,"p":84,"v":0}],"pos":0.2,"size":1.2,"_time":142.1641,"shift":0,"time":142.1641},{"$id":"846","type":0,"sounds":[{"w":0,"d":0,"p":84,"v":0}],"pos":-1.2,"size":1.2,"_time":142.3281,"shift":0,"time":142.3281},{"$id":"847","type":0,"sounds":[{"w":0,"d":0,"p":84,"v":0}],"pos":-1.2,"size":1,"_time":142.492,"shift":0,"time":142.492},{"$id":"848","type":0,"sounds":[{"w":0,"d":0,"p":84,"v":0}],"pos":-0.4,"size":1.1,"_time":142.6559,"shift":0,"time":142.6559},{"$id":"849","type":0,"sounds":[{"w":0,"d":0,"p":84,"v":0}],"pos":1,"size":0.9,"_time":142.7379,"shift":0,"time":142.7379},{"$id":"850","type":0,"sounds":[{"w":0,"d":0,"p":84,"v":0}],"pos":-0.2,"size":1.1,"_time":142.8199,"shift":0,"time":142.8199},{"$id":"851","type":0,"sounds":[{"w":0,"d":0,"p":84,"v":0}],"pos":1.4,"size":0.9,"_time":142.9019,"shift":0,"time":142.9019},{"$id":"852","type":0,"sounds":[{"w":0,"d":0,"p":84,"v":0}],"pos":-2,"size":1.1,"_time":142.9838,"shift":0,"time":142.9838},{"$id":"853","type":0,"sounds":[{"w":0,"d":0,"p":84,"v":0}],"pos":-0.6,"size":1.1,"_time":143.1478,"shift":0,"time":143.1478},{"$id":"854","type":0,"sounds":[{"w":0,"d":0,"p":84,"v":0}],"pos":-2,"size":1.2,"_time":143.3117,"shift":0,"time":143.3117},{"$id":"855","type":0,"sounds":[{"w":0,"d":0,"p":84,"v":0}],"pos":0.2,"size":1.2,"_time":143.4756,"shift":0,"time":143.4756},{"$id":"856","type":0,"sounds":[{"w":0,"d":0,"p":84,"v":0}],"pos":-2,"size":1.3,"_time":143.6396,"shift":0,"time":143.6396},{"$id":"857","type":0,"sounds":[{"w":0,"d":0,"p":84,"v":0}],"pos":1,"size":1.3,"_time":143.8035,"shift":0,"time":143.8035},{"$id":"858","type":0,"sounds":[{"w":0,"d":0,"p":84,"v":0}],"pos":-0.6,"size":1,"_time":143.9674,"shift":0,"time":143.9674},{"$id":"859","type":0,"sounds":[{"w":0,"d":0,"p":84,"v":0}],"pos":-1,"size":0.8,"_time":144.0221,"shift":0,"time":144.0221},{"$id":"860","type":0,"sounds":[{"w":0,"d":0,"p":84,"v":0}],"pos":-0.6,"size":0.8,"_time":144.0767,"shift":0,"time":144.0767},{"$id":"861","type":0,"sounds":[{"w":0,"d":0,"p":84,"v":0}],"pos":-1.2,"size":0.8,"_time":144.1314,"shift":0,"time":144.1314},{"$id":"862","type":0,"sounds":[{"w":0,"d":0,"p":84,"v":0}],"pos":-0.8,"size":0.8,"_time":144.186,"shift":0,"time":144.186},{"$id":"863","type":0,"sounds":[{"w":0,"d":0,"p":84,"v":0}],"pos":-1.2,"size":0.8,"_time":144.2406,"shift":0,"time":144.2406},{"$id":"864","type":0,"sounds":[{"w":0,"d":0,"p":84,"v":0}],"pos":0.6,"size":1.2,"_time":144.2953,"shift":0,"time":144.2953},{"$id":"865","type":0,"sounds":[{"w":0,"d":0,"p":84,"v":0}],"pos":0.2,"size":1.1,"_time":144.3773,"shift":0,"time":144.3773},{"$id":"866","type":0,"sounds":[{"w":0,"d":0,"p":84,"v":0}],"pos":1.4,"size":1,"_time":144.4592,"shift":0,"time":144.4592},{"$id":"867","type":0,"sounds":[{"w":0,"d":0,"p":84,"v":0}],"pos":-0.2,"size":1.2,"_time":144.6232,"shift":0,"time":144.6232},{"$id":"868","type":0,"sounds":[{"w":0,"d":0,"p":84,"v":0}],"pos":-0.6,"size":1.1,"_time":144.7051,"shift":0,"time":144.7051},{"$id":"869","type":0,"sounds":[{"w":0,"d":0,"p":84,"v":0}],"pos":0.4,"size":1,"_time":144.7871,"shift":0,"time":144.7871},{"$id":"870","type":0,"sounds":[{"w":0,"d":0,"p":84,"v":0}],"pos":1,"size":1.2,"_time":144.951,"shift":0,"time":144.951},{"$id":"871","type":0,"sounds":[{"w":0,"d":0,"p":84,"v":0}],"pos":0.4,"size":1.1,"_time":145.033,"shift":0,"time":145.033},{"$id":"872","type":0,"sounds":[{"w":0,"d":0,"p":84,"v":0}],"pos":1.6,"size":1,"_time":145.115,"shift":0,"time":145.115},{"$id":"873","type":0,"sounds":[{"w":0,"d":0,"p":84,"v":0}],"pos":0.2,"size":1.2,"_time":145.2789,"shift":0,"time":145.2789},{"$id":"874","type":0,"sounds":[{"w":0,"d":0,"p":84,"v":0}],"pos":-0.4,"size":1.1,"_time":145.3609,"shift":0,"time":145.3609},{"$id":"875","type":0,"sounds":[{"w":0,"d":0,"p":84,"v":0}],"pos":0.6,"size":1,"_time":145.4428,"shift":0,"time":145.4428},{"$id":"876","type":0,"sounds":[{"w":0,"d":0,"p":84,"v":0}],"pos":-1.6,"size":1.2,"_time":145.6068,"shift":0,"time":145.6068},{"$id":"877","type":0,"sounds":[{"w":0,"d":0,"p":84,"v":0}],"pos":-1.2,"size":1.2,"_time":145.6614,"shift":0,"time":145.6614},{"$id":"878","type":0,"sounds":[{"w":0,"d":0,"p":84,"v":0}],"pos":-0.8,"size":1.2,"_time":145.7161,"shift":0,"time":145.7161},{"$id":"879","type":0,"sounds":[{"w":0,"d":0,"p":84,"v":0}],"pos":-0.2,"size":1.2,"_time":145.7707,"shift":0,"time":145.7707},{"$id":"880","type":0,"sounds":[{"w":0,"d":0,"p":84,"v":0}],"pos":1,"size":1.2,"_time":145.9346,"shift":0,"time":145.9346},{"$id":"881","type":0,"sounds":[{"w":0,"d":0,"p":84,"v":0}],"pos":0.6,"size":1.2,"_time":145.9893,"shift":0,"time":145.9893},{"$id":"882","type":0,"sounds":[{"w":0,"d":0,"p":84,"v":0}],"pos":1.490116E-09,"size":1.2,"_time":146.0439,"shift":0,"time":146.0439},{"$id":"883","type":0,"sounds":[{"w":0,"d":0,"p":84,"v":0}],"pos":-0.6,"size":1.2,"_time":146.0986,"shift":0,"time":146.0986},{"$id":"884","type":0,"sounds":[{"w":0,"d":0,"p":84,"v":0}],"pos":-1.6,"size":1.4,"_time":146.2625,"shift":0,"time":146.2625},{"$id":"885","type":0,"sounds":[{"w":0,"d":0,"p":84,"v":0}],"pos":1.6,"size":1.4,"_time":146.2625,"shift":0,"time":146.2625},{"$id":"886","type":0,"sounds":[{"w":0,"d":0,"p":84,"v":0}],"pos":-1.2,"size":1.4,"_time":146.4264,"shift":0,"time":146.4264},{"$id":"887","type":0,"sounds":[{"w":0,"d":0,"p":84,"v":0}],"pos":1.6,"size":1.4,"_time":146.4264,"shift":0,"time":146.4264},{"$id":"888","type":0,"sounds":[{"w":0,"d":0,"p":84,"v":0}],"pos":1.6,"size":1.4,"_time":146.5904,"shift":0,"time":146.5904},{"$id":"889","type":0,"sounds":[{"w":0,"d":0,"p":84,"v":0}],"pos":-0.8,"size":1.4,"_time":146.5904,"shift":0,"time":146.5904},{"$id":"890","type":0,"sounds":[{"w":0,"d":0,"p":84,"v":0}],"pos":-0.2,"size":1.4,"_time":146.7543,"shift":0,"time":146.7543},{"$id":"891","type":0,"sounds":[{"w":0,"d":0,"p":84,"v":0}],"pos":1.6,"size":1.4,"_time":146.7543,"shift":0,"time":146.7543},{"$id":"892","type":0,"sounds":[{"w":0,"d":0,"p":84,"v":0}],"pos":-1.2,"size":1.5,"_time":147.41,"shift":0,"time":147.41},{"$id":"893","type":0,"sounds":[{"w":0,"d":0,"p":84,"v":0}],"pos":1.2,"size":1.5,"_time":147.41,"shift":0,"time":147.41},{"$id":"894","type":0,"sounds":[{"w":0,"d":0,"p":84,"v":0}],"pos":1.490116E-09,"size":1,"_time":147.7379,"shift":0,"time":147.7379},{"$id":"895","type":0,"sounds":[{"w":0,"d":0,"p":84,"v":0}],"pos":2,"size":1,"_time":148.0658,"shift":0,"time":148.0658},{"$id":"896","type":0,"sounds":[{"w":0,"d":0,"p":84,"v":0}],"pos":-1,"size":1,"_time":148.3936,"shift":0,"time":148.3936},{"$id":"897","type":0,"sounds":[{"w":0,"d":0,"p":84,"v":0}],"pos":0.4,"size":1,"_time":148.7215,"shift":0,"time":148.7215},{"$id":"898","type":0,"sounds":[{"w":0,"d":0,"p":84,"v":0}],"pos":0.9956077,"size":1,"_time":148.7569,"shift":0,"time":148.7569},{"$id":"899","type":0,"sounds":[{"w":0,"d":0,"p":84,"v":0}],"pos":1.751313,"size":1,"_time":148.7923,"shift":0,"time":148.7923}],"links":[{"notes":[{"$ref":"152"}]},{"notes":[{"$ref":"456"},{"$ref":"457"},{"$ref":"458"},{"$ref":"459"},{"$ref":"460"},{"$ref":"461"}]},{"notes":[{"$ref":"463"},{"$ref":"464"},{"$ref":"465"},{"$ref":"466"},{"$ref":"467"},{"$ref":"469"}]},{"notes":[{"$ref":"470"},{"$ref":"471"},{"$ref":"472"},{"$ref":"473"},{"$ref":"474"},{"$ref":"476"}]},{"notes":[{"$ref":"477"},{"$ref":"478"},{"$ref":"479"},{"$ref":"480"},{"$ref":"481"},{"$ref":"483"}]},{"notes":[{"$ref":"484"},{"$ref":"485"},{"$ref":"486"},{"$ref":"487"}]},{"notes":[{"$ref":"562"}]},{"notes":[{"$ref":"564"}]},{"notes":[{"$ref":"566"}]},{"notes":[{"$ref":"568"}]},{"notes":[{"$ref":"739"},{"$ref":"740"},{"$ref":"741"},{"$ref":"742"}]},{"notes":[{"$ref":"777"},{"$ref":"778"},{"$ref":"779"},{"$ref":"780"},{"$ref":"781"}]},{"notes":[{"$ref":"783"},{"$ref":"784"}]},{"notes":[{"$ref":"786"},{"$ref":"787"}]},{"notes":[{"$ref":"789"},{"$ref":"790"}]},{"notes":[{"$ref":"792"},{"$ref":"793"}]},{"notes":[{"$ref":"795"},{"$ref":"796"},{"$ref":"797"}]},{"notes":[{"$ref":"799"},{"$ref":"800"},{"$ref":"801"}]},{"notes":[{"$ref":"821"},{"$ref":"822"},{"$ref":"823"},{"$ref":"824"}]},{"notes":[{"$ref":"859"},{"$ref":"860"},{"$ref":"861"},{"$ref":"862"},{"$ref":"863"}]},{"notes":[{"$ref":"865"},{"$ref":"866"}]},{"notes":[{"$ref":"868"},{"$ref":"869"}]},{"notes":[{"$ref":"871"},{"$ref":"872"}]},{"notes":[{"$ref":"874"},{"$ref":"875"}]},{"notes":[{"$ref":"877"},{"$ref":"878"},{"$ref":"879"}]},{"notes":[{"$ref":"881"},{"$ref":"882"},{"$ref":"883"}]},{"notes":[{"$ref":"898"},{"$ref":"899"}]}]}